1/3/2000,-0.0033,,
1/4/2000,-0.0098,,
1/5/2000,-0.0029,,
1/6/2000,-0.0018,,
1/7/2000,-0.0055,,
1/10/2000,0.0028,,
1/11/2000,0.014,,
1/12/2000,0.0028,,
1/13/2000,-0.0016,,
1/14/2000,0.0097,,
1/17/2000,0.002,,
1/18/2000,0.0102,,
1/19/2000,-0.0031,,
1/20/2000,-0.0005,,
1/21/2000,-0.0019,,
1/24/2000,0.0008,,
1/25/2000,-0.0002,,
1/26/2000,-0.0047,,
1/27/2000,0.0076,,
1/28/2000,0.0069,,
1/31/2000,0.0018,0.0234,
2/1/2000,-0.0032,,
2/2/2000,-0.0051,,
2/3/2000,-0.0135,,
2/4/2000,0.0079,,
2/7/2000,0.0088,,
2/8/2000,-0.0071,,
2/9/2000,0.002,,
2/10/2000,0.0069,,
2/11/2000,-0.0017,,
2/14/2000,0.0032,,
2/15/2000,-0.0028,,
2/16/2000,0.0002,,
2/17/2000,0.0036,,
2/18/2000,0.0029,,
2/21/2000,-0.0017,,
2/22/2000,-0.0118,,
2/23/2000,0.0037,,
2/24/2000,-0.001,,
2/25/2000,-0.0004,,
2/28/2000,-0.0051,,
2/29/2000,0.0065,-0.0078,
3/1/2000,-0.0088,,
3/2/2000,0.0054,,
3/3/2000,0.001,,
3/6/2000,0.0023,,
3/7/2000,0.0031,,
3/8/2000,-0.011,,
3/9/2000,-0.0062,,
3/10/2000,-0.0006,,
3/13/2000,-0.0058,,
3/14/2000,-0.0026,,
3/15/2000,0.0013,,
3/16/2000,0.0013,,
3/17/2000,0.0061,,
3/20/2000,-0.0055,,
3/21/2000,0.0066,,
3/22/2000,0.0009,,
3/23/2000,-0.0049,,
3/24/2000,-0.0078,,
3/27/2000,-0.001,,
3/28/2000,0.0005,,
3/29/2000,0.0018,,
3/30/2000,-0.0062,,
3/31/2000,0.0116,-0.0188,
4/3/2000,-0.0069,,
4/4/2000,-0.0054,,
4/5/2000,-0.0025,,
4/6/2000,-0.0016,,
4/7/2000,0.0057,,
4/10/2000,-0.0031,,
4/11/2000,-0.0069,,
4/12/2000,-0.0026,,
4/13/2000,0.0012,,
4/14/2000,0.0072,,
4/17/2000,0.002,,
4/18/2000,-0.0056,,
4/19/2000,0.0012,,
4/20/2000,-0.0031,,
4/21/2000,0.0011,,
4/24/2000,-0.0001,,
4/25/2000,0.0039,,
4/26/2000,0.0004,,
4/27/2000,0.0004,,
4/28/2000,0.0003,-0.0145,
5/1/2000,-0.0054,,
5/2/2000,-0.0061,,
5/3/2000,0.0014,,
5/4/2000,-0.0008,,
5/5/2000,-0.0041,,
5/8/2000,0.0033,,
5/9/2000,0.0001,,
5/10/2000,0.0053,,
5/11/2000,0.0087,,
5/12/2000,-0.0101,,
5/15/2000,0.006,,
5/16/2000,0.001,,
5/17/2000,0.0086,,
5/18/2000,0.0087,,
5/19/2000,-0.0082,,
5/22/2000,-0.0041,,
5/23/2000,0.0014,,
5/24/2000,0.0103,,
5/25/2000,-0.0025,,
5/26/2000,-0.0081,,
5/29/2000,-0.0002,,
5/30/2000,-0.0023,,
5/31/2000,-0.0014,0.0013,
6/1/2000,0.0002,,
6/2/2000,-0.0109,,
6/5/2000,-0.0111,,
6/6/2000,-0.007,,
6/7/2000,0.0037,,
6/8/2000,0.0023,,
6/9/2000,0.0069,,
6/12/2000,0.0025,,
6/13/2000,0.0059,,
6/14/2000,0.0011,,
6/15/2000,-0.006,,
6/16/2000,0.0027,,
6/19/2000,-0.0052,,
6/20/2000,-0.0002,,
6/21/2000,-0.0035,,
6/22/2000,-0.0038,,
6/23/2000,0.0028,,
6/26/2000,0.0001,,
6/27/2000,0.0007,,
6/28/2000,-0.002,,
6/29/2000,0.005,,
6/30/2000,-0.0026,-0.0185,
7/3/2000,-0.001,,
7/4/2000,0,,
7/5/2000,-0.007,,
7/6/2000,-0.0032,,
7/7/2000,-0.0004,,
7/10/2000,-0.0034,,
7/11/2000,-0.0003,,
7/12/2000,0.0021,,
7/13/2000,0.0046,,
7/14/2000,-0.0019,,
7/17/2000,-0.0019,,
7/18/2000,0.0011,,
7/19/2000,-0.003,,
7/20/2000,-0.0027,,
7/21/2000,0.0016,,
7/24/2000,-0.0036,,
7/25/2000,0.002,,
7/26/2000,0.0037,,
7/27/2000,0.001,,
7/28/2000,0.0019,,
7/31/2000,-0.0053,-0.0157,
8/1/2000,-0.0026,,
8/2/2000,0.0021,,
8/3/2000,0.0011,,
8/4/2000,0.0027,,
8/7/2000,-0.0024,,
8/8/2000,0.0012,,
8/9/2000,-0.0022,,
8/10/2000,0.003,,
8/11/2000,-0.0033,,
8/14/2000,0.0054,,
8/15/2000,-0.0077,,
8/16/2000,-0.0041,,
8/17/2000,0.0034,,
8/18/2000,0.0053,,
8/21/2000,0.0048,,
8/22/2000,-0.0057,,
8/23/2000,-0.0031,,
8/24/2000,-0.0054,,
8/25/2000,0.0054,,
8/28/2000,0.0009,,
8/29/2000,0.0046,,
8/30/2000,0.0013,,
8/31/2000,0.0038,0.0083,
9/1/2000,0.0033,,
9/4/2000,0.0004,,
9/5/2000,0.0073,,
9/6/2000,0.0107,,
9/7/2000,-0.0019,,
9/8/2000,-0.0085,,
9/11/2000,0.0046,,
9/12/2000,-0.0029,,
9/13/2000,0.0001,,
9/14/2000,-0.0008,,
9/15/2000,0.005,,
9/18/2000,-0.0002,,
9/19/2000,-0.0063,,
9/20/2000,0.0002,,
9/21/2000,-0.0094,,
9/22/2000,-0.0193,,
9/25/2000,-0.0029,,
9/26/2000,-0.0044,,
9/27/2000,-0.0008,,
9/28/2000,-0.0067,,
9/29/2000,-0.0002,-0.0324,
10/2/2000,0.0046,,
10/3/2000,-0.0002,,
10/4/2000,-0.0046,,
10/5/2000,0.0002,,
10/6/2000,0.0019,,
10/9/2000,0.0051,,
10/10/2000,-0.0007,,
10/11/2000,0.0076,,
10/12/2000,0.0131,,
10/13/2000,-0.0015,,
10/16/2000,-0.0053,,
10/17/2000,0.0019,,
10/18/2000,0.0079,,
10/19/2000,-0.0069,,
10/20/2000,0.002,,
10/23/2000,0.0038,,
10/24/2000,-0.0048,,
10/25/2000,0.0068,,
10/26/2000,0.0023,,
10/27/2000,-0.0122,,
10/30/2000,0.0028,,
10/31/2000,-0.0063,0.0174,
11/1/2000,-0.0054,,
11/2/2000,-0.0007,,
11/3/2000,-0.0122,,
11/6/2000,0.0019,,
11/7/2000,-0.0005,,
11/8/2000,0.0032,,
11/9/2000,0.0052,,
11/10/2000,0.0051,,
11/13/2000,0.0127,,
11/14/2000,0.0009,,
11/15/2000,0.0084,,
11/16/2000,0.0036,,
11/17/2000,0.0032,,
11/20/2000,0.0118,,
11/21/2000,0.0029,,
11/22/2000,0.0103,,
11/23/2000,0.0002,,
11/24/2000,0.0051,,
11/27/2000,-0.0142,,
11/28/2000,-0.003,,
11/29/2000,0.0157,,
11/30/2000,0.0119,0.0675,
12/1/2000,-0.0082,,
12/4/2000,0.0015,,
12/5/2000,0.0066,,
12/6/2000,0.0058,,
12/7/2000,0.0044,,
12/8/2000,-0.0056,,
12/11/2000,-0.0139,,
12/12/2000,0.0025,,
12/13/2000,0.012,,
12/14/2000,0.015,,
12/15/2000,0.0135,,
12/18/2000,-0.0016,,
12/19/2000,0.0026,,
12/20/2000,0.0268,,
12/21/2000,0.0089,,
12/22/2000,0.005,,
12/25/2000,-0.0004,,
12/26/2000,0.0064,,
12/27/2000,-0.0013,,
12/28/2000,-0.0049,,
12/29/2000,0.0108,0.0885,0.0956
1/1/2001,0,,
1/2/2001,0.0186,,
1/3/2001,-0.0146,,
1/4/2001,0.0192,,
1/5/2001,0.0125,,
1/8/2001,-0.0032,,
1/9/2001,-0.0033,,
1/10/2001,-0.012,,
1/11/2001,0.0126,,
1/12/2001,-0.0083,,
1/15/2001,-0.0019,,
1/16/2001,-0.006,,
1/17/2001,0.0014,,
1/18/2001,0.0085,,
1/19/2001,-0.0125,,
1/22/2001,-0.0033,,
1/23/2001,0.0006,,
1/24/2001,-0.0066,,
1/25/2001,-0.0039,,
1/26/2001,0.0045,,
1/29/2001,-0.004,,
1/30/2001,0.0017,,
1/31/2001,0.0083,0.0074,
2/1/2001,0.0024,,
2/2/2001,-0.0088,,
2/5/2001,0.0014,,
2/6/2001,-0.0061,,
2/7/2001,0.0077,,
2/8/2001,-0.0055,,
2/9/2001,0.0101,,
2/12/2001,0.0006,,
2/13/2001,-0.0082,,
2/14/2001,-0.0063,,
2/15/2001,-0.011,,
2/16/2001,0.0057,,
2/19/2001,0.0023,,
2/20/2001,-0.0019,,
2/21/2001,0.002,,
2/22/2001,-0.0021,,
2/23/2001,0.003,,
2/26/2001,0.003,,
2/27/2001,0.0066,,
2/28/2001,0.0067,0.0013,
3/1/2001,0.007,,
3/2/2001,0.0024,,
3/5/2001,-0.0033,,
3/6/2001,0.0008,,
3/7/2001,0.0067,,
3/8/2001,0.0014,,
3/9/2001,-0.0028,,
3/12/2001,0.0099,,
3/13/2001,-0.0024,,
3/14/2001,0.0159,,
3/15/2001,0.0084,,
3/16/2001,0.0072,,
3/19/2001,-0.0009,,
3/20/2001,-0.0039,,
3/21/2001,0.0086,,
3/22/2001,0.0118,,
3/23/2001,-0.0154,,
3/26/2001,-0.006,,
3/27/2001,-0.011,,
3/28/2001,0.0023,,
3/29/2001,0.0042,,
3/30/2001,0.0119,0.0534,
4/2/2001,-0.0009,,
4/3/2001,-0.0023,,
4/4/2001,-0.0035,,
4/5/2001,-0.0097,,
4/6/2001,0.004,,
4/9/2001,0.0015,,
4/10/2001,-0.0121,,
4/11/2001,-0.0074,,
4/12/2001,-0.0101,,
4/13/2001,0.0002,,
4/16/2001,-0.0004,,
4/17/2001,-0.0009,,
4/18/2001,-0.004,,
4/19/2001,-0.0063,,
4/20/2001,0.0001,,
4/23/2001,-0.0005,,
4/24/2001,0.0025,,
4/25/2001,-0.0018,,
4/26/2001,0.0002,,
4/27/2001,0.007,,
4/30/2001,0.001,-0.0427,
5/1/2001,-0.0047,,
5/2/2001,-0.0027,,
5/3/2001,-0.0009,,
5/4/2001,-0.003,,
5/7/2001,0.002,,
5/8/2001,0.0019,,
5/9/2001,0.0017,,
5/10/2001,-0.0021,,
5/11/2001,0.0062,,
5/14/2001,0.0039,,
5/15/2001,-0.0004,,
5/16/2001,-0.0029,,
5/17/2001,-0.0036,,
5/18/2001,0.0049,,
5/21/2001,-0.0004,,
5/22/2001,0.008,,
5/23/2001,-0.0003,,
5/24/2001,-0.0017,,
5/25/2001,0.0012,,
5/28/2001,-0.0004,,
5/29/2001,0.0007,,
5/30/2001,-0.0022,,
5/31/2001,0.0054,0.0106,
6/1/2001,-0.0078,,
6/4/2001,-0.0015,,
6/5/2001,-0.0069,,
6/6/2001,0.0031,,
6/7/2001,0.0016,,
6/8/2001,0.0008,,
6/11/2001,0.0033,,
6/12/2001,-0.0029,,
6/13/2001,-0.0014,,
6/14/2001,-0.0073,,
6/15/2001,0.0022,,
6/18/2001,-0.0008,,
6/19/2001,0.0026,,
6/20/2001,0.0005,,
6/21/2001,-0.0008,,
6/22/2001,-0.0022,,
6/25/2001,-0.0008,,
6/26/2001,-0.0004,,
6/27/2001,0.0033,,
6/28/2001,0.0072,,
6/29/2001,-0.0036,-0.0119,
7/2/2001,-0.0015,,
7/3/2001,-0.0016,,
7/4/2001,-0.0002,,
7/5/2001,0.0117,,
7/6/2001,-0.0078,,
7/9/2001,-0.0009,,
7/10/2001,-0.0041,,
7/11/2001,-0.0071,,
7/12/2001,-0.0016,,
7/13/2001,0.0054,,
7/16/2001,0.0018,,
7/17/2001,-0.0025,,
7/18/2001,0.0004,,
7/19/2001,-0.0029,,
7/20/2001,-0.0065,,
7/23/2001,0.0059,,
7/24/2001,0.0011,,
7/25/2001,-0.0017,,
7/26/2001,-0.0015,,
7/27/2001,-0.0008,,
7/30/2001,0.0052,,
7/31/2001,0.0018,-0.0073,
8/1/2001,0.0018,,
8/2/2001,-0.0113,,
8/3/2001,0.0034,,
8/6/2001,0.0019,,
8/7/2001,-0.0036,,
8/8/2001,0.0075,,
8/9/2001,0.005,,
8/10/2001,0.0013,,
8/13/2001,0.0055,,
8/14/2001,-0.007,,
8/15/2001,0.0013,,
8/16/2001,0.004,,
8/17/2001,0.0135,,
8/20/2001,-0.0068,,
8/21/2001,-0.0041,,
8/22/2001,-0.0044,,
8/23/2001,0.0011,,
8/24/2001,-0.0079,,
8/27/2001,-0.0033,,
8/28/2001,0.0088,,
8/29/2001,0.0041,,
8/30/2001,0.0158,,
8/31/2001,-0.0078,0.0184,
9/3/2001,0.0014,,
9/4/2001,-0.0351,,
9/5/2001,0.0015,,
9/6/2001,0.0135,,
9/7/2001,0.0153,,
9/10/2001,-0.0035,,
9/11/2001,0.0221,,
9/12/2001,0.0016,,
9/13/2001,0.0081,,
9/14/2001,0.0139,,
9/17/2001,0.0002,,
9/18/2001,-0.0054,,
9/19/2001,0.0004,,
9/20/2001,0.0006,,
9/21/2001,-0.0006,,
9/24/2001,-0.0118,,
9/25/2001,0.0052,,
9/26/2001,0.0013,,
9/27/2001,-0.0032,,
9/28/2001,-0.0083,0.016,
10/1/2001,0.0046,,
10/2/2001,0.0076,,
10/3/2001,0.0009,,
10/4/2001,-0.0049,,
10/5/2001,0.0044,,
10/8/2001,0.0004,,
10/9/2001,-0.0098,,
10/10/2001,-0.0035,,
10/11/2001,-0.0124,,
10/12/2001,0.0041,,
10/15/2001,0.0057,,
10/16/2001,0.0018,,
10/17/2001,-0.0024,,
10/18/2001,0.0055,,
10/19/2001,-0.0047,,
10/22/2001,0.0012,,
10/23/2001,-0.0033,,
10/24/2001,0.0084,,
10/25/2001,0.0085,,
10/26/2001,-0.0009,,
10/29/2001,0.0076,,
10/30/2001,0.0102,,
10/31/2001,0.0078,0.0371,
11/1/2001,0.0047,,
11/2/2001,-0.007,,
11/5/2001,0.0036,,
11/6/2001,0.0004,,
11/7/2001,0.0081,,
11/8/2001,-0.013,,
11/9/2001,-0.0068,,
11/12/2001,-0.0005,,
11/13/2001,-0.0119,,
11/14/2001,-0.0128,,
11/15/2001,-0.0153,,
11/16/2001,-0.0131,,
11/19/2001,0.008,,
11/20/2001,-0.0078,,
11/21/2001,-0.004,,
11/22/2001,-0.0003,,
11/23/2001,0.0028,,
11/26/2001,-0.0007,,
11/27/2001,-0.0081,,
11/28/2001,-0.0036,,
11/29/2001,0.0041,,
11/30/2001,-0.0055,-0.0764,
12/3/2001,-0.0012,,
12/4/2001,0.003,,
12/5/2001,-0.0011,,
12/6/2001,0.0034,,
12/7/2001,0.0016,,
12/10/2001,0.0024,,
12/11/2001,0.0004,,
12/12/2001,-0.0022,,
12/13/2001,0.0004,,
12/14/2001,0.0067,,
12/17/2001,0.004,,
12/18/2001,-0.0017,,
12/19/2001,-0.0037,,
12/20/2001,0.0032,,
12/21/2001,0.0034,,
12/24/2001,0.0023,,
12/25/2001,0.0002,,
12/26/2001,0.0036,,
12/27/2001,0.0034,,
12/28/2001,-0.0037,,
12/31/2001,0.0012,0.0257,0.0249
1/1/2002,0,,
1/2/2002,-0.0006,,
1/3/2002,-0.0035,,
1/4/2002,-0.0066,,
1/7/2002,-0.0033,,
1/8/2002,0.0086,,
1/9/2002,0.0008,,
1/10/2002,-0.0003,,
1/11/2002,-0.0032,,
1/14/2002,-0.0024,,
1/15/2002,-0.0059,,
1/16/2002,-0.001,,
1/17/2002,0.0028,,
1/18/2002,0.0015,,
1/21/2002,0.0002,,
1/22/2002,0.0088,,
1/23/2002,-0.0031,,
1/24/2002,0.0037,,
1/25/2002,0.0035,,
1/28/2002,-0.0064,,
1/29/2002,-0.0022,,
1/30/2002,-0.0013,,
1/31/2002,0.0052,-0.0051,
2/1/2002,-0.0042,,
2/4/2002,-0.0071,,
2/5/2002,0.0087,,
2/6/2002,-0.0005,,
2/7/2002,-0.0003,,
2/8/2002,0.0011,,
2/11/2002,-0.0079,,
2/12/2002,-0.0059,,
2/13/2002,0.003,,
2/14/2002,-0.0028,,
2/15/2002,0.0007,,
2/18/2002,-0.0021,,
2/19/2002,0.0047,,
2/20/2002,0.0002,,
2/21/2002,-0.0011,,
2/22/2002,-0.0036,,
2/25/2002,0.0002,,
2/26/2002,0.0039,,
2/27/2002,-0.0024,,
2/28/2002,-0.0059,-0.0212,
3/1/2002,-0.0024,,
3/4/2002,-0.0058,,
3/5/2002,-0.0003,,
3/6/2002,-0.0028,,
3/7/2002,-0.0018,,
3/8/2002,0.0019,,
3/11/2002,0.0002,,
3/12/2002,-0.0031,,
3/13/2002,-0.0021,,
3/14/2002,0.0063,,
3/15/2002,0.0021,,
3/18/2002,0.0002,,
3/19/2002,0.0026,,
3/20/2002,0.0021,,
3/21/2002,0.0023,,
3/22/2002,-0.0014,,
3/25/2002,-0.0007,,
3/26/2002,-0.0048,,
3/27/2002,0.0006,,
3/28/2002,0.0087,,
3/29/2002,-0.001,0.001,
4/1/2002,0.0047,,
4/2/2002,0.0038,,
4/3/2002,-0.0104,,
4/4/2002,-0.0092,,
4/5/2002,-0.0068,,
4/8/2002,0.0001,,
4/9/2002,-0.004,,
4/10/2002,0.0038,,
4/11/2002,-0.0029,,
4/12/2002,-0.0108,,
4/15/2002,0.0009,,
4/16/2002,0.0016,,
4/17/2002,0.0085,,
4/18/2002,0.0007,,
4/19/2002,0.0014,,
4/22/2002,-0.0031,,
4/23/2002,0.0004,,
4/24/2002,0.0009,,
4/25/2002,0.0045,,
4/26/2002,0.0032,,
4/29/2002,0.0001,,
4/30/2002,-0.0028,-0.0154,
5/1/2002,0.005,,
5/2/2002,-0.0058,,
5/3/2002,0.0137,,
5/6/2002,-0.0024,,
5/7/2002,0.0011,,
5/8/2002,-0.0106,,
5/9/2002,0.0062,,
5/10/2002,0.0068,,
5/13/2002,-0.0028,,
5/14/2002,-0.0078,,
5/15/2002,0.003,,
5/16/2002,0.0029,,
5/17/2002,0.0102,,
5/20/2002,0.0033,,
5/21/2002,-0.0015,,
5/22/2002,0.0088,,
5/23/2002,-0.0086,,
5/24/2002,-0.0013,,
5/27/2002,0.0001,,
5/28/2002,0.0096,,
5/29/2002,0.0072,,
5/30/2002,0.0051,,
5/31/2002,-0.0052,0.0371,
6/3/2002,0.0083,,
6/4/2002,0.006,,
6/5/2002,-0.006,,
6/6/2002,0.007,,
6/7/2002,-0.0022,,
6/10/2002,-0.0037,,
6/11/2002,0.0006,,
6/12/2002,0.0039,,
6/13/2002,-0.0003,,
6/14/2002,0.0085,,
6/17/2002,-0.0105,,
6/18/2002,0.0106,,
6/19/2002,0.0137,,
6/20/2002,0.0055,,
6/21/2002,0.0149,,
6/24/2002,0.0001,,
6/25/2002,0.0012,,
6/26/2002,0.0186,,
6/27/2002,-0.0055,,
6/28/2002,-0.0005,0.0722,
7/1/2002,-0.004,,
7/2/2002,0.0052,,
7/3/2002,-0.0037,,
7/4/2002,-0.0031,,
7/5/2002,-0.0176,,
7/8/2002,0.0187,,
7/9/2002,0.0112,,
7/10/2002,0.0096,,
7/11/2002,0.0078,,
7/12/2002,0.0042,,
7/15/2002,0.0136,,
7/16/2002,0.0005,,
7/17/2002,-0.0019,,
7/18/2002,-0.0017,,
7/19/2002,0.0139,,
7/22/2002,-0.0022,,
7/23/2002,-0.0184,,
7/24/2002,0.0156,,
7/25/2002,0.0002,,
7/26/2002,-0.0121,,
7/29/2002,-0.017,,
7/30/2002,0.0045,,
7/31/2002,0.0048,0.0271,
8/1/2002,0.006,,
8/2/2002,0.0112,,
8/5/2002,0.0007,,
8/6/2002,-0.0123,,
8/7/2002,0.0068,,
8/8/2002,-0.0088,,
8/9/2002,0.0035,,
8/12/2002,0.0101,,
8/13/2002,0.0047,,
8/14/2002,0.0079,,
8/15/2002,-0.0088,,
8/16/2002,-0.0044,,
8/19/2002,-0.0058,,
8/20/2002,0.0037,,
8/21/2002,-0.0022,,
8/22/2002,-0.0102,,
8/23/2002,0.0042,,
8/26/2002,0.0026,,
8/27/2002,0.0048,,
8/28/2002,0.0009,,
8/29/2002,0.0062,,
8/30/2002,0.0006,0.0212,
9/2/2002,0.0021,,
9/3/2002,0.013,,
9/4/2002,-0.0031,,
9/5/2002,0.0052,,
9/6/2002,-0.003,,
9/9/2002,-0.002,,
9/10/2002,-0.004,,
9/11/2002,-0.0042,,
9/12/2002,0.0054,,
9/13/2002,0.0013,,
9/16/2002,0.0027,,
9/17/2002,-0.0038,,
9/18/2002,0.0003,,
9/19/2002,0.0036,,
9/20/2002,0.0001,,
9/23/2002,0.0057,,
9/24/2002,0.0039,,
9/25/2002,-0.0059,,
9/26/2002,-0.0042,,
9/27/2002,0.0038,,
9/30/2002,0.0043,0.0211,
10/1/2002,-0.0019,,
10/2/2002,-0.0042,,
10/3/2002,-0.0002,,
10/4/2002,0.0007,,
10/7/2002,0.0075,,
10/8/2002,-0.0023,,
10/9/2002,0.0035,,
10/10/2002,-0.006,,
10/11/2002,-0.008,,
10/14/2002,0.0035,,
10/15/2002,-0.0132,,
10/16/2002,-0.0035,,
10/17/2002,-0.0065,,
10/18/2002,0.0003,,
10/21/2002,-0.0062,,
10/22/2002,-0.0003,,
10/23/2002,0.001,,
10/24/2002,0.001,,
10/25/2002,-0.0023,,
10/28/2002,0.0018,,
10/29/2002,-0.0013,,
10/30/2002,-0.0028,,
10/31/2002,0.0056,-0.0334,
11/1/2002,-0.0005,,
11/4/2002,-0.0002,,
11/5/2002,-0.0017,,
11/6/2002,0.0035,,
11/7/2002,0.0084,,
11/8/2002,0.0042,,
11/11/2002,-0.0008,,
11/12/2002,-0.0039,,
11/13/2002,-0.0034,,
11/14/2002,-0.0061,,
11/15/2002,0.0021,,
11/18/2002,-0.0013,,
11/19/2002,-0.0026,,
11/20/2002,-0.0027,,
11/21/2002,-0.0044,,
11/22/2002,-0.004,,
11/25/2002,-0.0083,,
11/26/2002,0,,
11/27/2002,-0.0056,,
11/28/2002,-0.0007,,
11/29/2002,0.0049,-0.0232,
12/2/2002,0.0012,,
12/3/2002,-0.002,,
12/4/2002,0.0045,,
12/5/2002,0.0012,,
12/6/2002,-0.001,,
12/9/2002,-0.0003,,
12/10/2002,0,,
12/11/2002,0.0017,,
12/12/2002,0.0109,,
12/13/2002,-0.0018,,
12/16/2002,-0.0007,,
12/17/2002,0.0058,,
12/18/2002,0.004,,
12/19/2002,0.0014,,
12/20/2002,-0.0017,,
12/23/2002,0.0014,,
12/24/2002,0.0065,,
12/25/2002,0.0003,,
12/26/2002,0.0018,,
12/27/2002,0.012,,
12/30/2002,0.001,,
12/31/2002,-0.0008,0.0461,0.1291
1/1/2003,-0.0002,,
1/2/2003,-0.0191,,
1/3/2003,0.0087,,
1/6/2003,0.001,,
1/7/2003,-0.0053,,
1/8/2003,0.0119,,
1/9/2003,-0.0009,,
1/10/2003,0.0075,,
1/13/2003,-0.001,,
1/14/2003,0.0011,,
1/15/2003,0.0047,,
1/16/2003,0.008,,
1/17/2003,0.0095,,
1/20/2003,0.0034,,
1/21/2003,0,,
1/22/2003,0.003,,
1/23/2003,0.0039,,
1/24/2003,0.0147,,
1/27/2003,-0.0036,,
1/28/2003,-0.0014,,
1/29/2003,0.0071,,
1/30/2003,-0.0019,,
1/31/2003,-0.0027,0.0492,
2/3/2003,-0.0032,,
2/4/2003,0.018,,
2/5/2003,-0.0084,,
2/6/2003,0.0086,,
2/7/2003,0.0058,,
2/10/2003,-0.0085,,
2/11/2003,0.0022,,
2/12/2003,-0.0006,,
2/13/2003,0.0116,,
2/14/2003,-0.0107,,
2/17/2003,-0.005,,
2/18/2003,-0.0068,,
2/19/2003,0.0133,,
2/20/2003,0.0065,,
2/21/2003,-0.0004,,
2/24/2003,0.0164,,
2/25/2003,0.0008,,
2/26/2003,0.0061,,
2/27/2003,-0.0063,,
2/28/2003,0.0071,0.0469,
3/3/2003,0.0028,,
3/4/2003,0.0019,,
3/5/2003,0.0056,,
3/6/2003,0.0003,,
3/7/2003,0.0082,,
3/10/2003,0.0047,,
3/11/2003,-0.0085,,
3/12/2003,-0.0069,,
3/13/2003,-0.0297,,
3/14/2003,-0.0056,,
3/17/2003,-0.0106,,
3/18/2003,-0.0092,,
3/19/2003,-0.0102,,
3/20/2003,-0.0032,,
3/21/2003,-0.0063,,
3/24/2003,0.0041,,
3/25/2003,0.0018,,
3/26/2003,-0.001,,
3/27/2003,0.0021,,
3/28/2003,0.0002,,
3/31/2003,0.0033,-0.0554,
4/1/2003,-0.0011,,
4/2/2003,-0.0031,,
4/3/2003,0.0004,,
4/4/2003,-0.0013,,
4/7/2003,-0.0084,,
4/8/2003,0.0051,,
4/9/2003,0.0029,,
4/10/2003,0.0028,,
4/11/2003,-0.0001,,
4/14/2003,-0.0013,,
4/15/2003,0.0023,,
4/16/2003,0.0012,,
4/17/2003,0.0014,,
4/18/2003,0.0004,,
4/21/2003,-0.0001,,
4/22/2003,0.0036,,
4/23/2003,-0.0012,,
4/24/2003,0.0009,,
4/25/2003,0.0024,,
4/28/2003,0.0008,,
4/29/2003,0.0018,,
4/30/2003,0.0067,0.0162,
5/1/2003,0.0036,,
5/2/2003,-0.0033,,
5/5/2003,0.0057,,
5/6/2003,0.0084,,
5/7/2003,-0.0024,,
5/8/2003,0.0048,,
5/9/2003,0.0003,,
5/12/2003,0.0066,,
5/13/2003,0.0007,,
5/14/2003,0.0012,,
5/15/2003,-0.0069,,
5/16/2003,0.017,,
5/19/2003,0.0033,,
5/20/2003,0.01,,
5/21/2003,-0.0024,,
5/22/2003,0.0003,,
5/23/2003,0.0063,,
5/26/2003,0.0026,,
5/27/2003,-0.0015,,
5/28/2003,-0.0119,,
5/29/2003,0.0129,,
5/30/2003,-0.0019,0.054,
6/2/2003,-0.0019,,
6/3/2003,0.0102,,
6/4/2003,-0.0015,,
6/5/2003,0.0101,,
6/6/2003,-0.0057,,
6/9/2003,0.0009,,
6/10/2003,0.005,,
6/11/2003,0.0073,,
6/12/2003,-0.0009,,
6/13/2003,0.006,,
6/16/2003,-0.0034,,
6/17/2003,-0.0052,,
6/18/2003,-0.0107,,
6/19/2003,-0.0003,,
6/20/2003,-0.0119,,
6/23/2003,0.0001,,
6/24/2003,-0.0016,,
6/25/2003,0.0015,,
6/26/2003,-0.0219,,
6/27/2003,-0.0009,,
6/30/2003,0.011,-0.0142,
7/1/2003,0.0047,,
7/2/2003,0.0039,,
7/3/2003,0.001,,
7/4/2003,-0.0002,,
7/7/2003,0.0004,,
7/8/2003,-0.0099,,
7/9/2003,-0.0025,,
7/10/2003,-0.0001,,
7/11/2003,0.0016,,
7/14/2003,0.0043,,
7/15/2003,-0.0121,,
7/16/2003,-0.0025,,
7/17/2003,-0.0114,,
7/18/2003,-0.0019,,
7/21/2003,-0.0008,,
7/22/2003,-0.0024,,
7/23/2003,0.005,,
7/24/2003,0.0079,,
7/25/2003,-0.001,,
7/28/2003,0.0048,,
7/29/2003,0.0019,,
7/30/2003,-0.0089,,
7/31/2003,0.0056,-0.0129,
8/1/2003,0.0058,,
8/4/2003,-0.0112,,
8/5/2003,0.0018,,
8/6/2003,-0.0071,,
8/7/2003,-0.002,,
8/8/2003,-0.0053,,
8/11/2003,0.0085,,
8/12/2003,-0.0013,,
8/13/2003,0.0068,,
8/14/2003,0.0098,,
8/15/2003,-0.0027,,
8/18/2003,0.0055,,
8/19/2003,0.0018,,
8/20/2003,0.0066,,
8/21/2003,0.0047,,
8/22/2003,0,,
8/25/2003,-0.0005,,
8/26/2003,-0.0038,,
8/27/2003,0.0001,,
8/28/2003,-0.0012,,
8/29/2003,0.0049,0.0213,
9/1/2003,0.0047,,
9/2/2003,0.0087,,
9/3/2003,0.0032,,
9/4/2003,-0.0123,,
9/5/2003,-0.0115,,
9/8/2003,0.0012,,
9/9/2003,0.0028,,
9/10/2003,-0.0105,,
9/11/2003,0.0027,,
9/12/2003,-0.0077,,
9/15/2003,0.001,,
9/16/2003,0.0086,,
9/17/2003,-0.0016,,
9/18/2003,0.0082,,
9/19/2003,0.0029,,
9/22/2003,0.0026,,
9/23/2003,-0.001,,
9/24/2003,-0.0015,,
9/25/2003,-0.0051,,
9/26/2003,-0.004,,
9/29/2003,0.0054,,
9/30/2003,-0.0017,-0.0054,
10/1/2003,0.0094,,
10/2/2003,0.0001,,
10/3/2003,-0.0134,,
10/6/2003,0.008,,
10/7/2003,0.0107,,
10/8/2003,-0.0004,,
10/9/2003,-0.0002,,
10/10/2003,0.0104,,
10/13/2003,0.0002,,
10/14/2003,0.0002,,
10/15/2003,-0.0073,,
10/16/2003,-0.0018,,
10/17/2003,0.0006,,
10/20/2003,-0.0019,,
10/21/2003,0.0051,,
10/22/2003,0.008,,
10/23/2003,-0.0105,,
10/24/2003,0.0013,,
10/27/2003,0.0057,,
10/28/2003,0.0033,,
10/29/2003,0.0032,,
10/30/2003,-0.0025,,
10/31/2003,-0.0056,0.0224,
11/3/2003,-0.0085,,
11/4/2003,0.008,,
11/5/2003,0.0028,,
11/6/2003,-0.002,,
11/7/2003,0.0062,,
11/10/2003,0.0044,,
11/11/2003,-0.0042,,
11/12/2003,0.0012,,
11/13/2003,0.001,,
11/14/2003,-0.0034,,
11/17/2003,-0.0157,,
11/18/2003,0.0098,,
11/19/2003,-0.0081,,
11/20/2003,-0.0005,,
11/21/2003,0.0002,,
11/24/2003,-0.0072,,
11/25/2003,0.0002,,
11/26/2003,0.0087,,
11/27/2003,0.0019,,
11/28/2003,0.0036,-0.002,
12/1/2003,0.003,,
12/2/2003,0.0063,,
12/3/2003,0.0048,,
12/4/2003,-0.0054,,
12/5/2003,-0.0042,,
12/8/2003,0.0069,,
12/9/2003,0.0031,,
12/10/2003,-0.005,,
12/11/2003,-0.0004,,
12/12/2003,0.0083,,
12/15/2003,0.0005,,
12/16/2003,0.0005,,
12/17/2003,0.0008,,
12/18/2003,0.0042,,
12/19/2003,-0.0065,,
12/22/2003,-0.0052,,
12/23/2003,0.0016,,
12/24/2003,0.0088,,
12/25/2003,0,,
12/26/2003,0,,
12/29/2003,0.0048,,
12/30/2003,0.0047,,
12/31/2003,0.0011,0.0329,0.1575
1/1/2004,-0.0005,,
1/2/2004,0.0042,,
1/5/2004,0.0162,,
1/6/2004,0.0037,,
1/7/2004,-0.0035,,
1/8/2004,0.0097,,
1/9/2004,0.0068,,
1/12/2004,0.0002,,
1/13/2004,-0.003,,
1/14/2004,-0.002,,
1/15/2004,-0.0107,,
1/16/2004,-0.0044,,
1/19/2004,-0.0019,,
1/20/2004,0.0127,,
1/21/2004,0.0039,,
1/22/2004,0.0075,,
1/23/2004,-0.0056,,
1/26/2004,-0.0062,,
1/27/2004,0.0046,,
1/28/2004,-0.0078,,
1/29/2004,-0.0196,,
1/30/2004,0.0064,0.0098,
2/2/2004,0.0007,,
2/3/2004,0.006,,
2/4/2004,-0.0061,,
2/5/2004,0.0009,,
2/6/2004,0.0102,,
2/9/2004,0.0076,,
2/10/2004,0.0042,,
2/11/2004,0.0108,,
2/12/2004,0.0016,,
2/13/2004,-0.0001,,
2/16/2004,0.0009,,
2/17/2004,0.0098,,
2/18/2004,-0.0058,,
2/19/2004,0.0025,,
2/20/2004,-0.0184,,
2/23/2004,0.0017,,
2/24/2004,0.0082,,
2/25/2004,-0.0002,,
2/26/2004,-0.0004,,
2/27/2004,0.0061,0.0405,
3/1/2004,0.0043,,
3/2/2004,-0.0091,,
3/3/2004,-0.0122,,
3/4/2004,0.0054,,
3/5/2004,0.0142,,
3/8/2004,-0.0023,,
3/9/2004,-0.002,,
3/10/2004,-0.0099,,
3/11/2004,-0.0038,,
3/12/2004,-0.0027,,
3/15/2004,0.0032,,
3/16/2004,0.0021,,
3/17/2004,0.0059,,
3/18/2004,-0.0005,,
3/19/2004,0.0009,,
3/22/2004,0.0021,,
3/23/2004,-0.0005,,
3/24/2004,0.001,,
3/25/2004,-0.005,,
3/26/2004,-0.0003,,
3/29/2004,-0.0047,,
3/30/2004,0.0025,,
3/31/2004,0.0026,-0.0092,
4/1/2004,-0.004,,
4/2/2004,-0.0126,,
4/5/2004,-0.0004,,
4/6/2004,0.0051,,
4/7/2004,0.0021,,
4/8/2004,-0.0008,,
4/9/2004,-0.0012,,
4/12/2004,0.0055,,
4/13/2004,-0.0111,,
4/14/2004,-0.0107,,
4/15/2004,-0.0033,,
4/16/2004,0.0028,,
4/19/2004,-0.001,,
4/20/2004,0.0011,,
4/21/2004,-0.009,,
4/22/2004,0.0004,,
4/23/2004,0.0027,,
4/26/2004,0.0006,,
4/27/2004,-0.0009,,
4/28/2004,-0.0005,,
4/29/2004,-0.0028,,
4/30/2004,-0.0014,-0.039,
5/3/2004,0.0045,,
5/4/2004,0.0033,,
5/5/2004,0.0004,,
5/6/2004,-0.0037,,
5/7/2004,0.0049,,
5/10/2004,-0.0077,,
5/11/2004,0.001,,
5/12/2004,0.0027,,
5/13/2004,0.0032,,
5/14/2004,-0.0048,,
5/17/2004,-0.0048,,
5/18/2004,-0.0021,,
5/19/2004,0.0052,,
5/20/2004,-0.0051,,
5/21/2004,-0.0026,,
5/24/2004,0.004,,
5/25/2004,-0.0037,,
5/26/2004,-0.0049,,
5/27/2004,-0.0073,,
5/28/2004,0.0018,,
5/31/2004,0.0007,-0.015,
6/1/2004,0.0105,,
6/2/2004,-0.0068,,
6/3/2004,-0.0033,,
6/4/2004,0.0017,,
6/7/2004,-0.0009,,
6/8/2004,-0.0034,,
6/9/2004,0.0032,,
6/10/2004,0.0003,,
6/11/2004,-0.0025,,
6/14/2004,0.0016,,
6/15/2004,-0.0098,,
6/16/2004,0.0048,,
6/17/2004,0.0029,,
6/18/2004,-0.0026,,
6/21/2004,-0.0051,,
6/22/2004,0.0001,,
6/23/2004,-0.001,,
6/24/2004,-0.0018,,
6/25/2004,-0.0044,,
6/28/2004,0.0018,,
6/29/2004,-0.0079,,
6/30/2004,-0.0023,-0.0247,
7/1/2004,0.0031,,
7/2/2004,-0.0035,,
7/5/2004,-0.0007,,
7/6/2004,0.0009,,
7/7/2004,0.0022,,
7/8/2004,0.0001,,
7/9/2004,0.0017,,
7/12/2004,-0.0003,,
7/13/2004,-0.0049,,
7/14/2004,0.0019,,
7/15/2004,-0.0007,,
7/16/2004,0.0089,,
7/19/2004,-0.0035,,
7/20/2004,-0.0095,,
7/21/2004,-0.0056,,
7/22/2004,0.0051,,
7/23/2004,-0.0046,,
7/26/2004,0.0012,,
7/27/2004,-0.0028,,
7/28/2004,0.0038,,
7/29/2004,-0.0029,,
7/30/2004,0.0037,-0.0067,
8/2/2004,0.0012,,
8/3/2004,0.0011,,
8/4/2004,-0.0032,,
8/5/2004,0.0027,,
8/6/2004,0.0043,,
8/9/2004,-0.001,,
8/10/2004,-0.0042,,
8/11/2004,0.0007,,
8/12/2004,0.0042,,
8/13/2004,0.0062,,
8/16/2004,-0.0068,,
8/17/2004,-0.0027,,
8/18/2004,-0.0052,,
8/19/2004,0.0062,,
8/20/2004,-0.0045,,
8/23/2004,-0.0095,,
8/24/2004,-0.0062,,
8/25/2004,-0.0008,,
8/26/2004,0.0002,,
8/27/2004,0.001,,
8/30/2004,-0.0008,,
8/31/2004,0.0043,-0.0128,
9/1/2004,-0.0022,,
9/2/2004,-0.0038,,
9/3/2004,-0.0049,,
9/6/2004,-0.0017,,
9/7/2004,-0.0017,,
9/8/2004,0.0015,,
9/9/2004,0.0022,,
9/10/2004,-0.0002,,
9/13/2004,-0.0003,,
9/14/2004,0.0019,,
9/15/2004,-0.0023,,
9/16/2004,0.0046,,
9/17/2004,-0.0005,,
9/20/2004,0.0035,,
9/21/2004,0.001,,
9/22/2004,0.0043,,
9/23/2004,0,,
9/24/2004,-0.001,,
9/27/2004,0.0037,,
9/28/2004,-0.0001,,
9/29/2004,-0.0045,,
9/30/2004,0.0041,0.0036,
10/1/2004,-0.0006,,
10/4/2004,-0.0019,,
10/5/2004,0.0076,,
10/6/2004,0.0027,,
10/7/2004,-0.0007,,
10/8/2004,0.0106,,
10/11/2004,-0.0014,,
10/12/2004,-0.0017,,
10/13/2004,-0.0099,,
10/14/2004,0.0061,,
10/15/2004,0.0003,,
10/18/2004,-0.003,,
10/19/2004,0.002,,
10/20/2004,0.0101,,
10/21/2004,0.0034,,
10/22/2004,0.0014,,
10/25/2004,0.0069,,
10/26/2004,-0.0014,,
10/27/2004,-0.009,,
10/28/2004,-0.0013,,
10/29/2004,0.0086,0.0289,
11/1/2004,-0.0062,,
11/2/2004,-0.0066,,
11/3/2004,0.0121,,
11/4/2004,0.0049,,
11/5/2004,-0.0035,,
11/8/2004,-0.0038,,
11/9/2004,0.0017,,
11/10/2004,0.0002,,
11/11/2004,0.006,,
11/12/2004,0.0127,,
11/15/2004,-0.0028,,
11/16/2004,-0.0021,,
11/17/2004,0.0128,,
11/18/2004,-0.0067,,
11/19/2004,0.0038,,
11/22/2004,0.0029,,
11/23/2004,0.0044,,
11/24/2004,0.0083,,
11/25/2004,0.0041,,
11/26/2004,0.0032,,
11/29/2004,-0.0045,,
11/30/2004,-0.0029,0.0382,
12/1/2004,0.0058,,
12/2/2004,-0.0103,,
12/3/2004,0.0126,,
12/6/2004,-0.0011,,
12/7/2004,0.0006,,
12/8/2004,-0.0113,,
12/9/2004,-0.0034,,
12/10/2004,-0.0031,,
12/13/2004,0.0084,,
12/14/2004,-0.0006,,
12/15/2004,0.0097,,
12/16/2004,-0.0111,,
12/17/2004,-0.0035,,
12/20/2004,0.0088,,
12/21/2004,-0.0036,,
12/22/2004,0.0001,,
12/23/2004,0.0071,,
12/24/2004,0.0011,,
12/27/2004,0.0051,,
12/28/2004,-0.0027,,
12/29/2004,-0.0056,,
12/30/2004,0.0031,,
12/31/2004,-0.0012,0.0042,0.0146
1/3/2005,-0.0026,,
1/4/2005,-0.0191,,
1/5/2005,-0.0022,,
1/6/2005,-0.0056,,
1/7/2005,-0.0019,,
1/10/2005,0.0017,,
1/11/2005,0.0009,,
1/12/2005,0.0023,,
1/13/2005,-0.0013,,
1/14/2005,0.0014,,
1/17/2005,0.0011,,
1/18/2005,0.0008,,
1/19/2005,-0.0022,,
1/20/2005,-0.0064,,
1/21/2005,0.0032,,
1/24/2005,0.0009,,
1/25/2005,-0.0029,,
1/26/2005,0.0038,,
1/27/2005,0,,
1/28/2005,-0.0011,,
1/31/2005,0.0029,-0.0263,
2/1/2005,-0.0003,,
2/2/2005,0.0013,,
2/3/2005,-0.0023,,
2/4/2005,0.0065,,
2/7/2005,0.0035,,
2/8/2005,-0.0015,,
2/9/2005,-0.001,,
2/10/2005,0.0013,,
2/11/2005,0.0028,,
2/14/2005,-0.001,,
2/15/2005,-0.0025,,
2/16/2005,-0.0024,,
2/17/2005,0.0002,,
2/18/2005,0.001,,
2/21/2005,0.0004,,
2/22/2005,-0.0032,,
2/23/2005,0.0003,,
2/24/2005,0.0005,,
2/25/2005,0.003,,
2/28/2005,0.0038,0.0103,
3/1/2005,-0.0009,,
3/2/2005,-0.0001,,
3/3/2005,0.004,,
3/4/2005,0.0059,,
3/7/2005,0.0025,,
3/8/2005,0.0045,,
3/9/2005,-0.0025,,
3/10/2005,-0.0039,,
3/11/2005,0.0044,,
3/14/2005,-0.0032,,
3/15/2005,0.0023,,
3/16/2005,0.0015,,
3/17/2005,-0.0036,,
3/18/2005,0.0021,,
3/21/2005,-0.0074,,
3/22/2005,0.001,,
3/23/2005,-0.012,,
3/24/2005,0.002,,
3/25/2005,0.0002,,
3/28/2005,0.0013,,
3/29/2005,-0.0007,,
3/30/2005,0.0014,,
3/31/2005,0.0048,0.0032,
4/1/2005,0.0009,,
4/4/2005,0.0021,,
4/5/2005,-0.001,,
4/6/2005,-0.0012,,
4/7/2005,-0.0021,,
4/8/2005,-0.0011,,
4/11/2005,-0.0014,,
4/12/2005,-0.005,,
4/13/2005,-0.0059,,
4/14/2005,-0.0006,,
4/15/2005,-0.0089,,
4/18/2005,-0.0067,,
4/19/2005,0.0078,,
4/20/2005,0.0019,,
4/21/2005,-0.0037,,
4/22/2005,0.0047,,
4/25/2005,-0.0007,,
4/26/2005,-0.0011,,
4/27/2005,-0.002,,
4/28/2005,0.0053,,
4/29/2005,-0.0017,-0.0201,
5/2/2005,-0.0011,,
5/3/2005,-0.0027,,
5/4/2005,-0.0013,,
5/5/2005,0.0028,,
5/6/2005,-0.0032,,
5/9/2005,-0.0032,,
5/10/2005,0.0026,,
5/11/2005,0.0028,,
5/12/2005,0.0002,,
5/13/2005,0.0012,,
5/16/2005,-0.0051,,
5/17/2005,0.0006,,
5/18/2005,0.0006,,
5/19/2005,-0.0022,,
5/20/2005,0.0022,,
5/23/2005,0.0005,,
5/24/2005,0.0048,,
5/25/2005,0.0002,,
5/26/2005,0.0039,,
5/27/2005,-0.0027,,
5/30/2005,0.002,,
5/31/2005,0.0119,0.0146,
6/1/2005,0.0087,,
6/2/2005,-0.0021,,
6/3/2005,0.0001,,
6/6/2005,-0.0005,,
6/7/2005,0.0044,,
6/8/2005,0.0013,,
6/9/2005,0.0028,,
6/10/2005,0,,
6/13/2005,0.0012,,
6/14/2005,0.0012,,
6/15/2005,-0.0086,,
6/16/2005,0.0023,,
6/17/2005,-0.0048,,
6/20/2005,0.008,,
6/21/2005,0.0023,,
6/22/2005,0.0083,,
6/23/2005,0.0054,,
6/24/2005,-0.0029,,
6/27/2005,-0.0038,,
6/28/2005,-0.0024,,
6/29/2005,-0.0016,,
6/30/2005,0,0.0192,
7/1/2005,0.0088,,
7/4/2005,-0.0015,,
7/5/2005,-0.0022,,
7/6/2005,0.001,,
7/7/2005,-0.003,,
7/8/2005,-0.0001,,
7/11/2005,-0.0077,,
7/12/2005,-0.0057,,
7/13/2005,0.0073,,
7/14/2005,-0.0026,,
7/15/2005,0.0024,,
7/18/2005,-0.0005,,
7/19/2005,0.001,,
7/20/2005,-0.004,,
7/21/2005,-0.0064,,
7/22/2005,0.0113,,
7/25/2005,0.0002,,
7/26/2005,0.0017,,
7/27/2005,-0.0007,,
7/28/2005,-0.0009,,
7/29/2005,0.0004,-0.0014,
8/1/2005,-0.0019,,
8/2/2005,0.0019,,
8/3/2005,-0.0056,,
8/4/2005,-0.0015,,
8/5/2005,0.0013,,
8/8/2005,0.0023,,
8/9/2005,-0.0029,,
8/10/2005,0.0053,,
8/11/2005,0.002,,
8/12/2005,-0.0016,,
8/15/2005,0.0017,,
8/16/2005,-0.0015,,
8/17/2005,-0.0074,,
8/18/2005,-0.005,,
8/19/2005,0.0045,,
8/22/2005,0.0033,,
8/23/2005,-0.0024,,
8/24/2005,0.0002,,
8/25/2005,-0.0003,,
8/26/2005,-0.0027,,
8/29/2005,0.0068,,
8/30/2005,0.0042,,
8/31/2005,-0.0002,0.0003,
9/1/2005,0.0042,,
9/2/2005,-0.0012,,
9/5/2005,-0.0006,,
9/6/2005,-0.0008,,
9/7/2005,-0.0044,,
9/8/2005,0.0017,,
9/9/2005,0.001,,
9/12/2005,-0.005,,
9/13/2005,-0.0005,,
9/14/2005,0.0025,,
9/15/2005,-0.0016,,
9/16/2005,-0.0018,,
9/19/2005,0.0125,,
9/20/2005,-0.0006,,
9/21/2005,0.0008,,
9/22/2005,-0.0009,,
9/23/2005,-0.0024,,
9/26/2005,0.0033,,
9/27/2005,0.0031,,
9/28/2005,0.0046,,
9/29/2005,0.001,,
9/30/2005,0.0015,0.0162,
10/3/2005,0.0057,,
10/4/2005,0.0008,,
10/5/2005,-0.008,,
10/6/2005,-0.0168,,
10/7/2005,0.0067,,
10/10/2005,0.0027,,
10/11/2005,0.0081,,
10/12/2005,-0.0048,,
10/13/2005,-0.0024,,
10/14/2005,-0.0042,,
10/17/2005,0.0078,,
10/18/2005,0.0043,,
10/19/2005,-0.0092,,
10/20/2005,0.0008,,
10/21/2005,-0.002,,
10/24/2005,-0.0007,,
10/25/2005,0.0057,,
10/26/2005,0.007,,
10/27/2005,-0.0021,,
10/28/2005,-0.0007,,
10/31/2005,0.0033,0.0016,
11/1/2005,0.0009,,
11/2/2005,0.0006,,
11/3/2005,0.0051,,
11/4/2005,0.0097,,
11/7/2005,-0.0014,,
11/8/2005,-0.0038,,
11/9/2005,0.0059,,
11/10/2005,0.0015,,
11/11/2005,0.0007,,
11/14/2005,0.0042,,
11/15/2005,-0.0022,,
11/16/2005,-0.0015,,
11/17/2005,-0.0027,,
11/18/2005,0.009,,
11/21/2005,-0.0032,,
11/22/2005,-0.0063,,
11/23/2005,0.0022,,
11/24/2005,-0.0011,,
11/25/2005,0.0048,,
11/28/2005,-0.0042,,
11/29/2005,0.0085,,
11/30/2005,-0.0002,0.0269,
12/1/2005,0.0104,,
12/2/2005,0.0026,,
12/5/2005,0.0009,,
12/6/2005,-0.0019,,
12/7/2005,0.0035,,
12/8/2005,-0.0095,,
12/9/2005,0.0061,,
12/12/2005,-0.0034,,
12/13/2005,-0.0005,,
12/14/2005,-0.0167,,
12/15/2005,-0.0074,,
12/16/2005,-0.0015,,
12/19/2005,0.0005,,
12/20/2005,0.0043,,
12/21/2005,0.0059,,
12/22/2005,-0.0023,,
12/23/2005,-0.0015,,
12/26/2005,0.0004,,
12/27/2005,-0.0023,,
12/28/2005,0.0028,,
12/29/2005,0.0007,,
12/30/2005,-0.0022,-0.0116,0.032
1/2/2006,0.0008,,
1/3/2006,-0.0084,,
1/4/2006,0.0011,,
1/5/2006,-0.0016,,
1/6/2006,0.0021,,
1/9/2006,0.004,,
1/10/2006,-0.0025,,
1/11/2006,0.0032,,
1/12/2006,0.0012,,
1/13/2006,0.001,,
1/16/2006,0.0005,,
1/17/2006,0.0001,,
1/18/2006,-0.0044,,
1/19/2006,0.004,,
1/20/2006,-0.005,,
1/23/2006,0.0002,,
1/24/2006,-0.0003,,
1/25/2006,0.0029,,
1/26/2006,0.0021,,
1/27/2006,0.0063,,
1/30/2006,0.0009,,
1/31/2006,0.001,0.009,
2/1/2006,0.0032,,
2/2/2006,-0.0027,,
2/3/2006,-0.0022,,
2/6/2006,0.003,,
2/7/2006,-0.0075,,
2/8/2006,-0.0004,,
2/9/2006,0.0042,,
2/10/2006,-0.0027,,
2/13/2006,-0.0028,,
2/14/2006,0.0037,,
2/15/2006,-0.0019,,
2/16/2006,0.0019,,
2/17/2006,-0.0031,,
2/20/2006,0,,
2/21/2006,0.0028,,
2/22/2006,0.0016,,
2/23/2006,0.0001,,
2/24/2006,0.0045,,
2/27/2006,0.0011,,
2/28/2006,-0.0085,-0.0061,
3/1/2006,0.0041,,
3/2/2006,-0.0009,,
3/3/2006,-0.0003,,
3/6/2006,0.0011,,
3/7/2006,0.0013,,
3/8/2006,-0.005,,
3/9/2006,0.0027,,
3/10/2006,0.0072,,
3/13/2006,0.0024,,
3/14/2006,-0.0113,,
3/15/2006,0.0021,,
3/16/2006,-0.0089,,
3/17/2006,0.0029,,
3/20/2006,-0.0002,,
3/21/2006,0.0066,,
3/22/2006,-0.0009,,
3/23/2006,0.0064,,
3/24/2006,-0.0048,,
3/27/2006,-0.0008,,
3/28/2006,0.0109,,
3/29/2006,0.0067,,
3/30/2006,0.0008,,
3/31/2006,0.0003,0.0224,
4/3/2006,0.0092,,
4/4/2006,-0.0041,,
4/5/2006,-0.0029,,
4/6/2006,0.0056,,
4/7/2006,0.0016,,
4/10/2006,0.0053,,
4/11/2006,-0.0053,,
4/12/2006,0.0023,,
4/13/2006,0.0081,,
4/14/2006,0.001,,
4/17/2006,-0.0039,,
4/18/2006,-0.0001,,
4/19/2006,0.004,,
4/20/2006,-0.001,,
4/21/2006,0.0044,,
4/24/2006,-0.0089,,
4/25/2006,0.0104,,
4/26/2006,0.0058,,
4/27/2006,-0.0048,,
4/28/2006,-0.0025,0.0242,
5/1/2006,0.0031,,
5/2/2006,0.0065,,
5/3/2006,0.0008,,
5/4/2006,0.0038,,
5/5/2006,-0.0004,,
5/8/2006,0.0018,,
5/9/2006,0.0058,,
5/10/2006,0.0027,,
5/11/2006,0.006,,
5/12/2006,-0.0047,,
5/15/2006,-0.0165,,
5/16/2006,-0.0067,,
5/17/2006,0.0002,,
5/18/2006,-0.0078,,
5/19/2006,-0.0065,,
5/22/2006,-0.0055,,
5/23/2006,0.0062,,
5/24/2006,-0.0112,,
5/25/2006,0.0032,,
5/26/2006,-0.0018,,
5/29/2006,0.0005,,
5/30/2006,0.0076,,
5/31/2006,-0.0021,-0.0153,
6/1/2006,-0.0027,,
6/2/2006,-0.0022,,
6/5/2006,0.0004,,
6/6/2006,-0.0024,,
6/7/2006,-0.002,,
6/8/2006,-0.0118,,
6/9/2006,-0.0001,,
6/12/2006,-0.0015,,
6/13/2006,-0.0072,,
6/14/2006,0.004,,
6/15/2006,0.0029,,
6/16/2006,0.0021,,
6/19/2006,0.0006,,
6/20/2006,0.0025,,
6/21/2006,0.0014,,
6/22/2006,0.0034,,
6/23/2006,0.004,,
6/26/2006,0.0047,,
6/27/2006,-0.004,,
6/28/2006,0.001,,
6/29/2006,-0.004,,
6/30/2006,-0.0028,-0.0138,
7/3/2006,0.0007,,
7/4/2006,-0.0006,,
7/5/2006,0.0097,,
7/6/2006,-0.0009,,
7/7/2006,-0.0058,,
7/10/2006,-0.0034,,
7/11/2006,-0.0015,,
7/12/2006,0.0033,,
7/13/2006,-0.0019,,
7/14/2006,-0.0018,,
7/17/2006,-0.0032,,
7/18/2006,-0.0007,,
7/19/2006,-0.0058,,
7/20/2006,-0.0018,,
7/21/2006,-0.0027,,
7/24/2006,0.0017,,
7/25/2006,0.0006,,
7/26/2006,-0.0005,,
7/27/2006,-0.0017,,
7/28/2006,-0.0049,,
7/31/2006,0.0009,-0.0201,
8/1/2006,0.0024,,
8/2/2006,0.0007,,
8/3/2006,0.0003,,
8/4/2006,0.0007,,
8/7/2006,0.0027,,
8/8/2006,-0.001,,
8/9/2006,0.0023,,
8/10/2006,-0.0069,,
8/11/2006,0.0031,,
8/14/2006,-0.0002,,
8/15/2006,-0.0004,,
8/16/2006,-0.0017,,
8/17/2006,-0.007,,
8/18/2006,-0.0013,,
8/21/2006,0.0032,,
8/22/2006,-0.0013,,
8/23/2006,-0.0021,,
8/24/2006,-0.002,,
8/25/2006,0.0014,,
8/28/2006,0.0008,,
8/29/2006,-0.0013,,
8/30/2006,0.0038,,
8/31/2006,0.0031,-0.0008,
9/1/2006,0.0009,,
9/4/2006,-0.0006,,
9/5/2006,-0.0045,,
9/6/2006,-0.0021,,
9/7/2006,-0.0069,,
9/8/2006,-0.0011,,
9/11/2006,-0.0012,,
9/12/2006,0.0051,,
9/13/2006,0.0008,,
9/14/2006,0.0029,,
9/15/2006,-0.0018,,
9/18/2006,0.0008,,
9/19/2006,-0.0021,,
9/20/2006,0.0032,,
9/21/2006,0,,
9/22/2006,-0.0038,,
9/25/2006,0.0017,,
9/26/2006,0.0029,,
9/27/2006,0.0017,,
9/28/2006,-0.0017,,
9/29/2006,0.0004,-0.0054,
10/2/2006,0.0009,,
10/3/2006,0.0025,,
10/4/2006,0.0037,,
10/5/2006,-0.0015,,
10/6/2006,0.003,,
10/9/2006,-0.0011,,
10/10/2006,0.0043,,
10/11/2006,0.0021,,
10/12/2006,0.003,,
10/13/2006,0.0017,,
10/16/2006,-0.0012,,
10/17/2006,-0.006,,
10/18/2006,0.0054,,
10/19/2006,-0.006,,
10/20/2006,0.0044,,
10/23/2006,0.0062,,
10/24/2006,0.0002,,
10/25/2006,-0.0017,,
10/26/2006,-0.0011,,
10/27/2006,-0.0046,,
10/30/2006,0.0004,,
10/31/2006,-0.001,0.0135,
11/1/2006,0.0014,,
11/2/2006,-0.0004,,
11/3/2006,-0.0006,,
11/6/2006,0.0087,,
11/7/2006,0.0042,,
11/8/2006,-0.0042,,
11/9/2006,-0.0025,,
11/10/2006,-0.0031,,
11/13/2006,0.0018,,
11/14/2006,0.0006,,
11/15/2006,0.0025,,
11/16/2006,0.0033,,
11/17/2006,-0.0032,,
11/20/2006,0.0018,,
11/21/2006,0.0009,,
11/22/2006,0.0022,,
11/23/2006,-0.0002,,
11/24/2006,0.0014,,
11/27/2006,-0.0053,,
11/28/2006,0.0023,,
11/29/2006,0.0044,,
11/30/2006,0.0076,0.0238,
12/1/2006,0.0039,,
12/4/2006,0.0028,,
12/5/2006,-0.0005,,
12/6/2006,-0.0047,,
12/7/2006,0.001,,
12/8/2006,-0.0065,,
12/11/2006,0.0077,,
12/12/2006,0.0055,,
12/13/2006,-0.0024,,
12/14/2006,0.001,,
12/15/2006,-0.0049,,
12/18/2006,-0.0006,,
12/19/2006,0.0042,,
12/20/2006,0.0038,,
12/21/2006,0.0018,,
12/22/2006,-0.0017,,
12/25/2006,0,,
12/26/2006,0.0036,,
12/27/2006,0.0068,,
12/28/2006,0.004,,
12/29/2006,0.0012,0.0262,0.0575
1/1/2007,0,,
1/2/2007,0.0082,,
1/3/2007,-0.0025,,
1/4/2007,-0.0058,,
1/5/2007,-0.0127,,
1/8/2007,0.0007,,
1/9/2007,0.0052,,
1/10/2007,-0.0018,,
1/11/2007,0.015,,
1/12/2007,0.0051,,
1/15/2007,0.0021,,
1/16/2007,0.0025,,
1/17/2007,0.001,,
1/18/2007,0.0055,,
1/19/2007,-0.0011,,
1/22/2007,0.0011,,
1/23/2007,0.0007,,
1/24/2007,-0.0061,,
1/25/2007,-0.0003,,
1/26/2007,-0.0017,,
1/29/2007,0.0057,,
1/30/2007,-0.0043,,
1/31/2007,-0.0048,0.0114,
2/1/2007,0.0033,,
2/2/2007,0.0017,,
2/5/2007,-0.0049,,
2/6/2007,0.0006,,
2/7/2007,0.003,,
2/8/2007,-0.0016,,
2/9/2007,0.0027,,
2/12/2007,0.0013,,
2/13/2007,0.0003,,
2/14/2007,0.0047,,
2/15/2007,-0.0066,,
2/16/2007,0,,
2/19/2007,0.0014,,
2/20/2007,0.0028,,
2/21/2007,0.0019,,
2/22/2007,0.0033,,
2/23/2007,-0.0012,,
2/26/2007,0.0001,,
2/27/2007,-0.0221,,
2/28/2007,-0.008,-0.0175,
3/1/2007,-0.0122,,
3/2/2007,-0.0092,,
3/5/2007,-0.0126,,
3/6/2007,0.0057,,
3/7/2007,0.005,,
3/8/2007,0.0028,,
3/9/2007,0.0007,,
3/12/2007,0.0037,,
3/13/2007,-0.0029,,
3/14/2007,-0.0024,,
3/15/2007,0.0063,,
3/16/2007,0.0027,,
3/19/2007,0.0044,,
3/20/2007,0.0017,,
3/21/2007,0.0014,,
3/22/2007,0,,
3/23/2007,-0.0025,,
3/26/2007,0,,
3/27/2007,-0.0019,,
3/28/2007,-0.0087,,
3/29/2007,0.0056,,
3/30/2007,-0.0013,-0.014,
4/2/2007,0.0055,,
4/3/2007,0.0067,,
4/4/2007,0.0029,,
4/5/2007,0.0014,,
4/6/2007,-0.0009,,
4/9/2007,0.0001,,
4/10/2007,0.0074,,
4/11/2007,0,,
4/12/2007,0.0019,,
4/13/2007,0.0085,,
4/16/2007,0.0046,,
4/17/2007,0.0012,,
4/18/2007,-0.0035,,
4/19/2007,-0.0023,,
4/20/2007,0.007,,
4/23/2007,-0.0039,,
4/24/2007,-0.0043,,
4/25/2007,0.0044,,
4/26/2007,-0.0001,,
4/27/2007,0.0016,,
4/30/2007,-0.0043,0.0344,
5/1/2007,0.0006,,
5/2/2007,0.003,,
5/3/2007,0.0026,,
5/4/2007,0.0016,,
5/7/2007,0.0029,,
5/8/2007,-0.0041,,
5/9/2007,0.0004,,
5/10/2007,-0.0055,,
5/11/2007,0.0048,,
5/14/2007,0.0047,,
5/15/2007,0.0012,,
5/16/2007,-0.0011,,
5/17/2007,0.002,,
5/18/2007,0.0032,,
5/21/2007,0.0033,,
5/22/2007,0.0002,,
5/23/2007,0.0041,,
5/24/2007,-0.0077,,
5/25/2007,0.0028,,
5/28/2007,0.0003,,
5/29/2007,0.001,,
5/30/2007,0.0008,,
5/31/2007,0.011,0.0323,
6/1/2007,0.011,,
6/4/2007,-0.001,,
6/5/2007,-0.0001,,
6/6/2007,-0.0081,,
6/7/2007,0.0033,,
6/8/2007,0.0029,,
6/11/2007,0.0032,,
6/12/2007,0.0015,,
6/13/2007,0.0037,,
6/14/2007,0.0059,,
6/15/2007,0.0069,,
6/18/2007,0.0003,,
6/19/2007,-0.0038,,
6/20/2007,0.0011,,
6/21/2007,0.001,,
6/22/2007,-0.0041,,
6/25/2007,-0.0049,,
6/26/2007,-0.0036,,
6/27/2007,-0.0077,,
6/28/2007,0.0119,,
6/29/2007,0.004,0.0235,
7/2/2007,0.002,,
7/3/2007,0.0025,,
7/4/2007,0.0016,,
7/5/2007,0.0054,,
7/6/2007,0.0066,,
7/9/2007,0.0022,,
7/10/2007,-0.0084,,
7/11/2007,0,,
7/12/2007,0.0075,,
7/13/2007,0.0029,,
7/16/2007,-0.0028,,
7/17/2007,0.001,,
7/18/2007,-0.0023,,
7/19/2007,0.0039,,
7/20/2007,-0.0049,,
7/23/2007,0.0025,,
7/24/2007,-0.004,,
7/25/2007,-0.0074,,
7/26/2007,-0.021,,
7/27/2007,-0.0143,,
7/30/2007,0.0002,,
7/31/2007,0.001,-0.0259,
8/1/2007,-0.0084,,
8/2/2007,0.0068,,
8/3/2007,-0.0029,,
8/6/2007,-0.0047,,
8/7/2007,0.0006,,
8/8/2007,0.0073,,
8/9/2007,-0.0153,,
8/10/2007,-0.0085,,
8/13/2007,0.0008,,
8/14/2007,-0.0048,,
8/15/2007,-0.0046,,
8/16/2007,-0.0131,,
8/17/2007,0.0014,,
8/20/2007,0.0021,,
8/21/2007,-0.0002,,
8/22/2007,0.0011,,
8/23/2007,0.0001,,
8/24/2007,0.002,,
8/27/2007,0.0014,,
8/28/2007,0.0005,,
8/29/2007,0.0009,,
8/30/2007,0.0021,,
8/31/2007,-0.0059,-0.0407,
9/3/2007,0.0005,,
9/4/2007,0.0035,,
9/5/2007,0.0026,,
9/6/2007,0.0002,,
9/7/2007,0.0059,,
9/10/2007,0.0032,,
9/11/2007,0.0014,,
9/12/2007,0.0009,,
9/13/2007,-0.0028,,
9/14/2007,0.0008,,
9/17/2007,-0.0004,,
9/18/2007,0.0062,,
9/19/2007,0.0015,,
9/20/2007,0.0038,,
9/21/2007,0.0011,,
9/24/2007,0.0005,,
9/25/2007,-0.0011,,
9/26/2007,0.001,,
9/27/2007,0.0082,,
9/28/2007,0.0051,0.0429,
10/1/2007,0,,
10/2/2007,-0.0075,,
10/3/2007,-0.0003,,
10/4/2007,0.0029,,
10/5/2007,0.0046,,
10/8/2007,-0.0054,,
10/9/2007,0.0035,,
10/10/2007,0.0028,,
10/11/2007,0.0093,,
10/12/2007,-0.0024,,
10/15/2007,0.0002,,
10/16/2007,-0.0038,,
10/17/2007,0.0027,,
10/18/2007,0.0061,,
10/19/2007,-0.0038,,
10/22/2007,-0.0092,,
10/23/2007,0.0093,,
10/24/2007,0.0008,,
10/25/2007,0.0081,,
10/26/2007,0.0082,,
10/29/2007,0.006,,
10/30/2007,-0.0042,,
10/31/2007,0.0074,0.0354,
11/1/2007,-0.0068,,
11/2/2007,0.0046,,
11/5/2007,-0.0007,,
11/6/2007,0.0081,,
11/7/2007,0.0031,,
11/8/2007,-0.0023,,
11/9/2007,-0.0023,,
11/12/2007,-0.0134,,
11/13/2007,0,,
11/14/2007,0.0059,,
11/15/2007,-0.0015,,
11/16/2007,0.0017,,
11/19/2007,0.0015,,
11/20/2007,0.0058,,
11/21/2007,0.0007,,
11/22/2007,0.0001,,
11/23/2007,0.0027,,
11/26/2007,0.0015,,
11/27/2007,-0.0063,,
11/28/2007,-0.0028,,
11/29/2007,0.002,,
11/30/2007,-0.0098,-0.0085,
12/3/2007,0.0043,,
12/4/2007,0.0045,,
12/5/2007,-0.0023,,
12/6/2007,-0.0028,,
12/7/2007,-0.0055,,
12/10/2007,0.0009,,
12/11/2007,0.0042,,
12/12/2007,0.0031,,
12/13/2007,-0.0046,,
12/14/2007,-0.0077,,
12/17/2007,-0.0024,,
12/18/2007,0.0017,,
12/19/2007,0.0024,,
12/20/2007,0.0006,,
12/21/2007,0.0014,,
12/24/2007,0.0025,,
12/25/2007,0.0005,,
12/26/2007,0.0026,,
12/27/2007,0.0026,,
12/28/2007,0.001,,
12/31/2007,0.0016,0.0086,0.0805
1/1/2008,0,,
1/2/2008,0.0055,,
1/3/2008,-0.0003,,
1/4/2008,-0.0012,,
1/7/2008,-0.0043,,
1/8/2008,0.0064,,
1/9/2008,0.0004,,
1/10/2008,0.005,,
1/11/2008,0.0053,,
1/14/2008,0.0045,,
1/15/2008,-0.0025,,
1/16/2008,-0.0074,,
1/17/2008,0.001,,
1/18/2008,-0.0009,,
1/21/2008,0.0003,,
1/22/2008,0.0048,,
1/23/2008,0.0024,,
1/24/2008,-0.0097,,
1/25/2008,-0.0013,,
1/28/2008,0.0068,,
1/29/2008,-0.0058,,
1/30/2008,0.0036,,
1/31/2008,0.0046,0.0168,
2/1/2008,-0.0006,,
2/4/2008,0.0005,,
2/5/2008,0.0028,,
2/6/2008,0.0017,,
2/7/2008,0.0025,,
2/8/2008,0.0052,,
2/11/2008,0.0033,,
2/12/2008,-0.0071,,
2/13/2008,-0.0029,,
2/14/2008,0.0033,,
2/15/2008,0.0026,,
2/18/2008,-0.001,,
2/19/2008,0.0062,,
2/20/2008,-0.0021,,
2/21/2008,0,,
2/22/2008,0.0032,,
2/25/2008,-0.0001,,
2/26/2008,0.006,,
2/27/2008,0.0048,,
2/28/2008,0.0132,,
2/29/2008,0.0035,0.046,
3/3/2008,0.0079,,
3/4/2008,-0.0061,,
3/5/2008,0.0025,,
3/6/2008,0.0007,,
3/7/2008,0.0002,,
3/10/2008,0.0039,,
3/11/2008,-0.0046,,
3/12/2008,0.0075,,
3/13/2008,0.0088,,
3/14/2008,0.0014,,
3/17/2008,-0.0039,,
3/18/2008,-0.0017,,
3/19/2008,-0.0108,,
3/20/2008,-0.0102,,
3/21/2008,-0.0001,,
3/24/2008,-0.0034,,
3/25/2008,0.001,,
3/26/2008,0.0084,,
3/27/2008,0.0005,,
3/28/2008,-0.0024,,
3/31/2008,-0.0013,-0.002,
4/1/2008,-0.0145,,
4/2/2008,0.0007,,
4/3/2008,-0.0014,,
4/4/2008,0.0058,,
4/7/2008,0.0009,,
4/8/2008,0.0009,,
4/9/2008,0.009,,
4/10/2008,-0.0015,,
4/11/2008,0.0022,,
4/14/2008,-0.0012,,
4/15/2008,-0.0016,,
4/16/2008,-0.0008,,
4/17/2008,-0.0066,,
4/18/2008,-0.0049,,
4/21/2008,0.0028,,
4/22/2008,0.0044,,
4/23/2008,-0.0002,,
4/24/2008,-0.0087,,
4/25/2008,-0.0035,,
4/28/2008,0.0025,,
4/29/2008,-0.006,,
4/30/2008,0.0022,-0.0197,
5/1/2008,-0.0063,,
5/2/2008,0.0045,,
5/5/2008,0.0062,,
5/6/2008,0.0018,,
5/7/2008,-0.0009,,
5/8/2008,-0.0002,,
5/9/2008,0.003,,
5/12/2008,0.0008,,
5/13/2008,-0.0009,,
5/14/2008,-0.0028,,
5/15/2008,0.0021,,
5/16/2008,0.0047,,
5/19/2008,-0.0003,,
5/20/2008,0.0039,,
5/21/2008,0.0068,,
5/22/2008,-0.0033,,
5/23/2008,0.0041,,
5/26/2008,0.0002,,
5/27/2008,-0.0037,,
5/28/2008,0.0009,,
5/29/2008,-0.003,,
5/30/2008,-0.0003,0.0174,
6/2/2008,-0.0009,,
6/3/2008,-0.0011,,
6/4/2008,-0.0009,,
6/5/2008,0.0069,,
6/6/2008,0.0094,,
6/9/2008,-0.0049,,
6/10/2008,-0.0049,,
6/11/2008,0.0056,,
6/12/2008,-0.0018,,
6/13/2008,0.0009,,
6/16/2008,0.0019,,
6/17/2008,-0.0005,,
6/18/2008,0.0025,,
6/19/2008,0.0016,,
6/20/2008,0.0017,,
6/23/2008,-0.0021,,
6/24/2008,0.0014,,
6/25/2008,0,,
6/26/2008,0.004,,
6/27/2008,0.0025,,
6/30/2008,0.0016,0.023,
7/1/2008,0.0032,,
7/2/2008,0.0084,,
7/3/2008,-0.0061,,
7/4/2008,-0.0001,,
7/7/2008,-0.0084,,
7/8/2008,-0.004,,
7/9/2008,0.0024,,
7/10/2008,0.006,,
7/11/2008,0.0063,,
7/14/2008,0.0022,,
7/15/2008,0.0018,,
7/16/2008,-0.0069,,
7/17/2008,-0.0091,,
7/18/2008,-0.0032,,
7/21/2008,0.0011,,
7/22/2008,-0.0067,,
7/23/2008,-0.0124,,
7/24/2008,-0.0001,,
7/25/2008,0.0005,,
7/28/2008,0.0044,,
7/29/2008,-0.0041,,
7/30/2008,-0.0025,,
7/31/2008,0,-0.0272,
8/1/2008,0.001,,
8/4/2008,-0.0004,,
8/5/2008,-0.0098,,
8/6/2008,-0.0038,,
8/7/2008,0.0006,,
8/8/2008,-0.0073,,
8/11/2008,-0.0043,,
8/12/2008,0.0006,,
8/13/2008,0.0023,,
8/14/2008,0.001,,
8/15/2008,-0.0007,,
8/18/2008,0.0018,,
8/19/2008,0.003,,
8/20/2008,0.0012,,
8/21/2008,-0.0013,,
8/22/2008,-0.0014,,
8/25/2008,0.001,,
8/26/2008,0.0009,,
8/27/2008,0.0003,,
8/28/2008,-0.0014,,
8/29/2008,-0.0016,-0.018,
9/1/2008,0.0003,,
9/2/2008,0.0041,,
9/3/2008,0.001,,
9/4/2008,0.0041,,
9/5/2008,0.0052,,
9/8/2008,-0.0081,,
9/9/2008,0.005,,
9/10/2008,0.0019,,
9/11/2008,0.0029,,
9/12/2008,-0.0098,,
9/15/2008,0.0114,,
9/16/2008,0.0037,,
9/17/2008,-0.0035,,
9/18/2008,-0.0009,,
9/19/2008,-0.0196,,
9/22/2008,-0.0072,,
9/23/2008,0.0019,,
9/24/2008,0.0013,,
9/25/2008,-0.0011,,
9/26/2008,0.0021,,
9/29/2008,0.0116,,
9/30/2008,-0.0024,0.0033,
10/1/2008,0.0014,,
10/2/2008,0.0082,,
10/3/2008,0.0004,,
10/6/2008,0.0187,,
10/7/2008,-0.0014,,
10/8/2008,0.0038,,
10/9/2008,-0.0026,,
10/10/2008,0.0082,,
10/13/2008,-0.0091,,
10/14/2008,-0.0021,,
10/15/2008,0.0085,,
10/16/2008,0.0051,,
10/17/2008,-0.0024,,
10/20/2008,-0.0007,,
10/21/2008,0.0047,,
10/22/2008,0.01,,
10/23/2008,0.0019,,
10/24/2008,0.0055,,
10/27/2008,-0.0002,,
10/28/2008,-0.0031,,
10/29/2008,-0.0056,,
10/30/2008,-0.0004,,
10/31/2008,0.0002,0.0498,
11/3/2008,0.0008,,
11/4/2008,-0.0062,,
11/5/2008,0.0035,,
11/6/2008,0.009,,
11/7/2008,-0.0001,,
11/10/2008,-0.0002,,
11/11/2008,0.0055,,
11/12/2008,0.0054,,
11/13/2008,-0.0017,,
11/14/2008,-0.0019,,
11/17/2008,0.0027,,
11/18/2008,0.0022,,
11/19/2008,0.0023,,
11/20/2008,0.007,,
11/21/2008,-0.0007,,
11/24/2008,-0.0077,,
11/25/2008,0.0014,,
11/26/2008,0.0004,,
11/27/2008,-0.0006,,
11/28/2008,-0.0003,0.0209,
12/1/2008,0.0087,,
12/2/2008,0.0023,,
12/3/2008,0.0016,,
12/4/2008,0.002,,
12/5/2008,0.0023,,
12/8/2008,-0.0066,,
12/9/2008,0.0016,,
12/10/2008,-0.0016,,
12/11/2008,0,,
12/12/2008,0.0004,,
12/15/2008,0.0004,,
12/16/2008,0.0025,,
12/17/2008,0.0025,,
12/18/2008,0.0015,,
12/19/2008,-0.0001,,
12/22/2008,0.0001,,
12/23/2008,0.0006,,
12/24/2008,0,,
12/25/2008,-0.0006,,
12/26/2008,0.0005,,
12/29/2008,0.0013,,
12/30/2008,-0.0001,,
12/31/2008,-0.0029,0.0164,0.1307
1/1/2009,-0.0001,,
1/2/2009,-0.0054,,
1/5/2009,-0.0058,,
1/6/2009,-0.006,,
1/7/2009,0.003,,
1/8/2009,0.0043,,
1/9/2009,0.0028,,
1/12/2009,0.0068,,
1/13/2009,0.0017,,
1/14/2009,0.0041,,
1/15/2009,-0.0006,,
1/16/2009,-0.0039,,
1/19/2009,0,,
1/20/2009,0.0073,,
1/21/2009,-0.0008,,
1/22/2009,-0.0016,,
1/23/2009,-0.0006,,
1/26/2009,-0.0051,,
1/27/2009,0.0017,,
1/28/2009,-0.0052,,
1/29/2009,0.0022,,
1/30/2009,0.0031,0.0018,
2/2/2009,0.0022,,
2/3/2009,-0.0037,,
2/4/2009,-0.0026,,
2/5/2009,-0.0023,,
2/6/2009,-0.0057,,
2/9/2009,-0.0035,,
2/10/2009,0.0088,,
2/11/2009,0.0057,,
2/12/2009,0.004,,
2/13/2009,-0.0043,,
2/16/2009,0.0025,,
2/17/2009,0.0105,,
2/18/2009,-0.0008,,
2/19/2009,-0.0057,,
2/20/2009,0.0033,,
2/23/2009,-0.0006,,
2/24/2009,-0.0025,,
2/25/2009,-0.0004,,
2/26/2009,-0.0049,,
2/27/2009,0.0021,0.0016,
3/2/2009,0.011,,
3/3/2009,-0.0015,,
3/4/2009,-0.0094,,
3/5/2009,0.0069,,
3/6/2009,0.0021,,
3/9/2009,0,,
3/10/2009,-0.0084,,
3/11/2009,-0.0012,,
3/12/2009,-0.0056,,
3/13/2009,-0.0044,,
3/16/2009,-0.0063,,
3/17/2009,-0.0032,,
3/18/2009,0.0006,,
3/19/2009,-0.0042,,
3/20/2009,0.0014,,
3/23/2009,-0.0078,,
3/24/2009,-0.0038,,
3/25/2009,-0.0011,,
3/26/2009,-0.0002,,
3/27/2009,0.0033,,
3/30/2009,0.0077,,
3/31/2009,-0.0006,-0.0246,
4/1/2009,-0.0001,,
4/2/2009,-0.0074,,
4/3/2009,-0.0036,,
4/6/2009,0.0001,,
4/7/2009,0.0018,,
4/8/2009,0.0008,,
4/9/2009,-0.0014,,
4/10/2009,-0.0001,,
4/13/2009,0.0014,,
4/14/2009,-0.0021,,
4/15/2009,-0.0022,,
4/16/2009,-0.0008,,
4/17/2009,-0.0024,,
4/20/2009,0.0051,,
4/21/2009,-0.0008,,
4/22/2009,-0.0015,,
4/23/2009,-0.0025,,
4/24/2009,-0.0002,,
4/27/2009,-0.0011,,
4/28/2009,-0.0016,,
4/29/2009,0.0003,,
4/30/2009,-0.0015,-0.0197,
5/1/2009,-0.0029,,
5/4/2009,-0.0003,,
5/5/2009,0.0002,,
5/6/2009,-0.0016,,
5/7/2009,0.0001,,
5/8/2009,-0.0007,,
5/11/2009,0.0001,,
5/12/2009,-0.0003,,
5/13/2009,0.0013,,
5/14/2009,0.0016,,
5/15/2009,-0.0024,,
5/18/2009,0.006,,
5/19/2009,0.0033,,
5/20/2009,0.0005,,
5/21/2009,0,,
5/22/2009,0.0013,,
5/25/2009,-0.0008,,
5/26/2009,0.0008,,
5/27/2009,0.001,,
5/28/2009,-0.0004,,
5/29/2009,0.0063,0.0131,
6/1/2009,0.0035,,
6/2/2009,0.0036,,
6/3/2009,-0.0067,,
6/4/2009,0.001,,
6/5/2009,-0.008,,
6/8/2009,-0.0059,,
6/9/2009,0.0049,,
6/10/2009,0.0017,,
6/11/2009,0.0041,,
6/12/2009,-0.0047,,
6/15/2009,-0.0104,,
6/16/2009,-0.0013,,
6/17/2009,-0.0015,,
6/18/2009,0.0039,,
6/19/2009,-0.0007,,
6/22/2009,-0.0073,,
6/23/2009,0.0023,,
6/24/2009,0.0007,,
6/25/2009,0.0039,,
6/26/2009,-0.0007,,
6/29/2009,0.0013,,
6/30/2009,-0.0016,-0.0178,
7/1/2009,-0.0005,,
7/2/2009,-0.0016,,
7/3/2009,-0.0002,,
7/6/2009,-0.0008,,
7/7/2009,-0.0008,,
7/8/2009,-0.0011,,
7/9/2009,-0.0003,,
7/10/2009,-0.0004,,
7/13/2009,0.0002,,
7/14/2009,-0.0036,,
7/15/2009,-0.0009,,
7/16/2009,-0.0007,,
7/17/2009,-0.0024,,
7/20/2009,0.0029,,
7/21/2009,0.0018,,
7/22/2009,0.0004,,
7/23/2009,-0.0035,,
7/24/2009,0.0003,,
7/27/2009,0.0001,,
7/28/2009,0.0009,,
7/29/2009,-0.0035,,
7/30/2009,0.0042,,
7/31/2009,0.006,-0.0035,
8/3/2009,0.001,,
8/4/2009,-0.001,,
8/5/2009,-0.0013,,
8/6/2009,-0.001,,
8/7/2009,0.0003,,
8/10/2009,-0.0006,,
8/11/2009,-0.0038,,
8/12/2009,0.0042,,
8/13/2009,0.0059,,
8/14/2009,-0.0088,,
8/17/2009,-0.0091,,
8/18/2009,0.0032,,
8/19/2009,0.0041,,
8/20/2009,0.0037,,
8/21/2009,0.0062,,
8/24/2009,0.0046,,
8/25/2009,0.0004,,
8/26/2009,-0.003,,
8/27/2009,0.0007,,
8/28/2009,0.0051,,
8/31/2009,-0.0019,0.0088,
9/1/2009,-0.0073,,
9/2/2009,0.0017,,
9/3/2009,0.0031,,
9/4/2009,0.0021,,
9/7/2009,0.0013,,
9/8/2009,0.0078,,
9/9/2009,-0.0003,,
9/10/2009,0.0028,,
9/11/2009,0.0057,,
9/14/2009,-0.0043,,
9/15/2009,-0.0007,,
9/16/2009,0.0054,,
9/17/2009,0.0009,,
9/18/2009,-0.0048,,
9/21/2009,-0.0039,,
9/22/2009,0.0079,,
9/23/2009,-0.0012,,
9/24/2009,-0.0058,,
9/25/2009,0.0034,,
9/28/2009,0.0054,,
9/29/2009,-0.0017,,
9/30/2009,0.0041,0.0217,
10/1/2009,-0.0048,,
10/2/2009,-0.0017,,
10/5/2009,0.0096,,
10/6/2009,0.0075,,
10/7/2009,0.0014,,
10/8/2009,0.0067,,
10/9/2009,-0.0127,,
10/12/2009,0.0046,,
10/13/2009,0.001,,
10/14/2009,0.0035,,
10/15/2009,-0.0036,,
10/16/2009,-0.0042,,
10/19/2009,0.0058,,
10/20/2009,-0.0005,,
10/21/2009,0.0012,,
10/22/2009,-0.0037,,
10/23/2009,-0.0033,,
10/26/2009,-0.01,,
10/27/2009,-0.0005,,
10/28/2009,-0.0144,,
10/29/2009,0.0102,,
10/30/2009,-0.0095,-0.018,
11/2/2009,0.0015,,
11/3/2009,0.0009,,
11/4/2009,0.0073,,
11/5/2009,-0.0023,,
11/6/2009,0.0002,,
11/9/2009,0.0098,,
11/10/2009,-0.0006,,
11/11/2009,0.0023,,
11/12/2009,-0.0072,,
11/13/2009,0.0022,,
11/16/2009,0.0129,,
11/17/2009,-0.0024,,
11/18/2009,0.0031,,
11/19/2009,-0.007,,
11/20/2009,-0.0028,,
11/23/2009,0.0042,,
11/24/2009,-0.0004,,
11/25/2009,0.0072,,
11/26/2009,-0.0006,,
11/27/2009,-0.0067,,
11/30/2009,0.0053,0.0271,
12/1/2009,0.0085,,
12/2/2009,-0.0029,,
12/3/2009,-0.0027,,
12/4/2009,-0.0207,,
12/7/2009,0.0007,,
12/8/2009,-0.0014,,
12/9/2009,-0.0015,,
12/10/2009,-0.0038,,
12/11/2009,-0.0026,,
12/14/2009,0.005,,
12/15/2009,-0.0065,,
12/16/2009,0.0051,,
12/17/2009,-0.0039,,
12/18/2009,-0.0012,,
12/21/2009,-0.0045,,
12/22/2009,-0.0024,,
12/23/2009,0.002,,
12/24/2009,0.0025,,
12/25/2009,-0.0002,,
12/28/2009,-0.0006,,
12/29/2009,0.0011,,
12/30/2009,-0.0023,,
12/31/2009,-0.0003,-0.0325,-0.043
1/1/2010,0.0009,,
1/4/2010,0.0088,,
1/5/2010,0.0029,,
1/6/2010,0.0063,,
1/7/2010,-0.0019,,
1/8/2010,0.0005,,
1/11/2010,0.001,,
1/12/2010,-0.0082,,
1/13/2010,-0.0012,,
1/14/2010,0.0038,,
1/15/2010,-0.0047,,
1/18/2010,0.0003,,
1/19/2010,0.0041,,
1/20/2010,-0.0108,,
1/21/2010,-0.0049,,
1/22/2010,-0.0075,,
1/25/2010,-0.0001,,
1/26/2010,-0.0014,,
1/27/2010,-0.0063,,
1/28/2010,-0.001,,
1/29/2010,-0.0008,-0.0202,
2/1/2010,0.0008,,
2/2/2010,0.0008,,
2/3/2010,-0.0021,,
2/4/2010,-0.0011,,
2/5/2010,0.0015,,
2/8/2010,-0.0025,,
2/9/2010,0.0012,,
2/10/2010,-0.004,,
2/11/2010,0.0037,,
2/12/2010,0.003,,
2/15/2010,0.0005,,
2/16/2010,0.0023,,
2/17/2010,0.0002,,
2/18/2010,0.0013,,
2/19/2010,-0.0001,,
2/22/2010,-0.0016,,
2/23/2010,0.0013,,
2/24/2010,0.002,,
2/25/2010,0.0016,,
2/26/2010,0.0042,0.0129,
3/1/2010,0.0059,,
3/2/2010,0.0041,,
3/3/2010,-0.0012,,
3/4/2010,-0.0013,,
3/5/2010,0.001,,
3/8/2010,0.0008,,
3/9/2010,0.0039,,
3/10/2010,-0.0019,,
3/11/2010,-0.0036,,
3/12/2010,-0.001,,
3/15/2010,-0.0013,,
3/16/2010,0.0066,,
3/17/2010,0.0079,,
3/18/2010,-0.0013,,
3/19/2010,-0.005,,
3/22/2010,0.0024,,
3/23/2010,0.005,,
3/24/2010,-0.0053,,
3/25/2010,0.0002,,
3/26/2010,-0.0034,,
3/29/2010,0.0095,,
3/30/2010,0.0027,,
3/31/2010,0.0017,0.0267,
4/1/2010,0.006,,
4/2/2010,0.0005,,
4/5/2010,0.0042,,
4/6/2010,0.0035,,
4/7/2010,-0.0009,,
4/8/2010,-0.0014,,
4/9/2010,0.0007,,
4/12/2010,-0.0024,,
4/13/2010,-0.004,,
4/14/2010,0.0081,,
4/15/2010,0.004,,
4/16/2010,-0.0089,,
4/19/2010,-0.0059,,
4/20/2010,0.0078,,
4/21/2010,0.0022,,
4/22/2010,-0.0034,,
4/23/2010,0.0005,,
4/26/2010,0.006,,
4/27/2010,-0.0083,,
4/28/2010,-0.0024,,
4/29/2010,0.008,,
4/30/2010,0,0.0139,
5/3/2010,0.0022,,
5/4/2010,-0.0097,,
5/5/2010,-0.0013,,
5/6/2010,-0.0043,,
5/7/2010,-0.0105,,
5/10/2010,0.0072,,
5/11/2010,0.0041,,
5/12/2010,0.0044,,
5/13/2010,0.004,,
5/14/2010,0.0028,,
5/17/2010,-0.0036,,
5/18/2010,0.0027,,
5/19/2010,-0.0072,,
5/20/2010,-0.0081,,
5/21/2010,-0.0008,,
5/24/2010,0.0023,,
5/25/2010,0.0046,,
5/26/2010,-0.0005,,
5/27/2010,-0.0059,,
5/28/2010,0.0037,,
5/31/2010,-0.0001,-0.0141,
6/1/2010,0,,
6/2/2010,0.0005,,
6/3/2010,-0.0047,,
6/4/2010,0.0119,,
6/7/2010,0.0043,,
6/8/2010,0.0027,,
6/9/2010,-0.0047,,
6/10/2010,-0.0054,,
6/11/2010,0.0029,,
6/14/2010,-0.0095,,
6/15/2010,-0.0013,,
6/16/2010,-0.0001,,
6/17/2010,0.0007,,
6/18/2010,-0.0008,,
6/21/2010,-0.0017,,
6/22/2010,0.0033,,
6/23/2010,-0.0018,,
6/24/2010,0.0009,,
6/25/2010,0.001,,
6/28/2010,0.003,,
6/29/2010,0,,
6/30/2010,-0.0037,-0.0024,
7/1/2010,-0.0047,,
7/2/2010,-0.0037,,
7/5/2010,0.001,,
7/6/2010,-0.0006,,
7/7/2010,-0.0009,,
7/8/2010,-0.0056,,
7/9/2010,-0.0009,,
7/12/2010,0.0017,,
7/13/2010,-0.0025,,
7/14/2010,-0.0003,,
7/15/2010,0.0039,,
7/16/2010,0.0013,,
7/19/2010,-0.0033,,
7/20/2010,0.0014,,
7/21/2010,0.0033,,
7/22/2010,0.0023,,
7/23/2010,-0.0047,,
7/26/2010,-0.0016,,
7/27/2010,-0.0044,,
7/28/2010,0.0015,,
7/29/2010,0.0037,,
7/30/2010,0.0087,-0.0047,
8/2/2010,0.0035,,
8/3/2010,0.0033,,
8/4/2010,0.0013,,
8/5/2010,0.0017,,
8/6/2010,0.0007,,
8/9/2010,0.0016,,
8/10/2010,-0.0026,,
8/11/2010,0.0025,,
8/12/2010,0,,
8/13/2010,0.0007,,
8/16/2010,0.0086,,
8/17/2010,0.0007,,
8/18/2010,0.0014,,
8/19/2010,-0.001,,
8/20/2010,0.0006,,
8/23/2010,0.0021,,
8/24/2010,0.0035,,
8/25/2010,-0.0009,,
8/26/2010,0.0006,,
8/27/2010,-0.0035,,
8/30/2010,0.0032,,
8/31/2010,0.0062,0.0347,
9/1/2010,-0.0052,,
9/2/2010,0.0007,,
9/3/2010,-0.0037,,
9/6/2010,-0.0007,,
9/7/2010,0.0095,,
9/8/2010,-0.0033,,
9/9/2010,-0.0029,,
9/10/2010,-0.0059,,
9/13/2010,0.0043,,
9/14/2010,0.0086,,
9/15/2010,-0.009,,
9/16/2010,-0.0049,,
9/17/2010,0.0046,,
9/20/2010,0.0042,,
9/21/2010,0.0017,,
9/22/2010,0.0053,,
9/23/2010,-0.0016,,
9/24/2010,0.0077,,
9/27/2010,0.0034,,
9/28/2010,0.0036,,
9/29/2010,-0.0001,,
9/30/2010,-0.0031,0.0129,
10/1/2010,-0.0014,,
10/4/2010,-0.0025,,
10/5/2010,0.0123,,
10/6/2010,0.0056,,
10/7/2010,0.0003,,
10/8/2010,0.0117,,
10/11/2010,0.0022,,
10/12/2010,0.0014,,
10/13/2010,0.0066,,
10/14/2010,0.0012,,
10/15/2010,-0.0041,,
10/18/2010,0.0017,,
10/19/2010,-0.0141,,
10/20/2010,0.0104,,
10/21/2010,-0.0029,,
10/22/2010,-0.0012,,
10/25/2010,0.0077,,
10/26/2010,-0.0078,,
10/27/2010,-0.011,,
10/28/2010,0.0074,,
10/29/2010,0.0034,0.0267,
11/1/2010,0.0018,,
11/2/2010,0.0065,,
11/3/2010,-0.0008,,
11/4/2010,0.0171,,
11/5/2010,-0.0023,,
11/8/2010,-0.0039,,
11/9/2010,0.0012,,
11/10/2010,-0.007,,
11/11/2010,-0.0041,,
11/12/2010,-0.0148,,
11/15/2010,-0.0031,,
11/16/2010,-0.0163,,
11/17/2010,-0.0018,,
11/18/2010,0.0085,,
11/19/2010,-0.0039,,
11/22/2010,-0.0007,,
11/23/2010,-0.0057,,
11/24/2010,0.0048,,
11/25/2010,0.0006,,
11/26/2010,-0.0059,,
11/29/2010,0.0005,,
11/30/2010,0.001,-0.0282,
12/1/2010,0.0074,,
12/2/2010,0.0036,,
12/3/2010,0.0029,,
12/6/2010,0.0019,,
12/7/2010,-0.0031,,
12/8/2010,-0.0044,,
12/9/2010,0.0015,,
12/10/2010,-0.0006,,
12/13/2010,0.0053,,
12/14/2010,0.0007,,
12/15/2010,-0.0021,,
12/16/2010,-0.0006,,
12/17/2010,0.0028,,
12/20/2010,0.0027,,
12/21/2010,0.0069,,
12/22/2010,0.0024,,
12/23/2010,0.0016,,
12/24/2010,-0.0001,,
12/27/2010,-0.0015,,
12/28/2010,0.0044,,
12/29/2010,0.0012,,
12/30/2010,-0.0027,,
12/31/2010,0.0026,0.0332,0.0926
1/3/2011,0.0018,,
1/4/2011,-0.0126,,
1/5/2011,-0.0034,,
1/6/2011,-0.0021,,
1/7/2011,-0.0001,,
1/10/2011,-0.0018,,
1/11/2011,0.0002,,
1/12/2011,0.0068,,
1/13/2011,-0.0008,,
1/14/2011,-0.004,,
1/17/2011,0.0009,,
1/18/2011,0.0037,,
1/19/2011,-0.0015,,
1/20/2011,-0.0102,,
1/21/2011,0.0044,,
1/24/2011,0.0026,,
1/25/2011,-0.0026,,
1/26/2011,0.0055,,
1/27/2011,0.0025,,
1/28/2011,-0.0077,,
1/31/2011,0.004,-0.0145,
2/1/2011,0.0137,,
2/2/2011,0.0011,,
2/3/2011,-0.0041,,
2/4/2011,0.0011,,
2/7/2011,-0.0002,,
2/8/2011,0.0023,,
2/9/2011,0.0011,,
2/10/2011,-0.0065,,
2/11/2011,-0.0025,,
2/14/2011,0.0022,,
2/15/2011,-0.0027,,
2/16/2011,0.0018,,
2/17/2011,0.0038,,
2/18/2011,0.002,,
2/21/2011,-0.0021,,
2/22/2011,-0.0107,,
2/23/2011,0.001,,
2/24/2011,0.0012,,
2/25/2011,0.0041,,
2/28/2011,0.0052,0.0119,
3/1/2011,0.0007,,
3/2/2011,0.0044,,
3/3/2011,0.0059,,
3/4/2011,0.0019,,
3/7/2011,-0.0036,,
3/8/2011,-0.0064,,
3/9/2011,0.001,,
3/10/2011,-0.0128,,
3/11/2011,0.0003,,
3/14/2011,-0.0005,,
3/15/2011,-0.0184,,
3/16/2011,-0.0014,,
3/17/2011,0.0072,,
3/18/2011,0.0022,,
3/21/2011,0.0042,,
3/22/2011,-0.0001,,
3/23/2011,-0.0019,,
3/24/2011,0.0035,,
3/25/2011,-0.0048,,
3/28/2011,-0.0028,,
3/29/2011,0.0008,,
3/30/2011,0.0025,,
3/31/2011,0.0079,-0.0106,
4/1/2011,0.0036,,
4/4/2011,0.0011,,
4/5/2011,0.0033,,
4/6/2011,0.0063,,
4/7/2011,0.0001,,
4/8/2011,0.012,,
4/11/2011,-0.0039,,
4/12/2011,-0.0129,,
4/13/2011,0.0018,,
4/14/2011,-0.0001,,
4/15/2011,0.0017,,
4/18/2011,-0.0188,,
4/19/2011,0.0063,,
4/20/2011,0.015,,
4/21/2011,0.003,,
4/22/2011,-0.0001,,
4/25/2011,-0.0001,,
4/26/2011,0.0035,,
4/27/2011,0.0038,,
4/28/2011,0.0052,,
4/29/2011,0.005,0.0359,
5/2/2011,0.0002,,
5/3/2011,-0.0077,,
5/4/2011,-0.0071,,
5/5/2011,-0.0244,,
5/6/2011,0.0005,,
5/9/2011,0.0024,,
5/10/2011,0.0042,,
5/11/2011,-0.0085,,
5/12/2011,-0.0044,,
5/13/2011,-0.0033,,
5/16/2011,-0.001,,
5/17/2011,-0.0032,,
5/18/2011,0.0017,,
5/19/2011,0.0031,,
5/20/2011,-0.0016,,
5/23/2011,-0.0082,,
5/24/2011,0.0007,,
5/25/2011,-0.0012,,
5/26/2011,0.0059,,
5/27/2011,0.0044,,
5/30/2011,0.0004,,
5/31/2011,0.0015,-0.0448,
6/1/2011,0.0018,,
6/2/2011,0.0002,,
6/3/2011,0.0031,,
6/6/2011,-0.0017,,
6/7/2011,0.0008,,
6/8/2011,-0.0013,,
6/9/2011,-0.0027,,
6/10/2011,-0.001,,
6/13/2011,-0.0001,,
6/14/2011,-0.0062,,
6/15/2011,-0.0034,,
6/16/2011,0.0018,,
6/17/2011,0.0034,,
6/20/2011,-0.0019,,
6/21/2011,0.0002,,
6/22/2011,0.0011,,
6/23/2011,-0.0013,,
6/24/2011,0.0007,,
6/27/2011,-0.0042,,
6/28/2011,-0.0038,,
6/29/2011,-0.0017,,
6/30/2011,-0.0004,-0.0166,
7/1/2011,-0.0008,,
7/4/2011,0.0005,,
7/5/2011,0.0007,,
7/6/2011,0.0037,,
7/7/2011,0.004,,
7/8/2011,0.0005,,
7/11/2011,0.0015,,
7/12/2011,0.002,,
7/13/2011,0.0037,,
7/14/2011,-0.003,,
7/15/2011,0.0017,,
7/18/2011,-0.0014,,
7/19/2011,0.0042,,
7/20/2011,-0.0024,,
7/21/2011,-0.0002,,
7/22/2011,0.0038,,
7/25/2011,0.0017,,
7/26/2011,0.0053,,
7/27/2011,-0.0015,,
7/28/2011,0.0008,,
7/29/2011,0.0075,0.0327,
8/1/2011,0.0003,,
8/2/2011,0.0007,,
8/3/2011,-0.0007,,
8/4/2011,-0.0141,,
8/5/2011,0,,
8/8/2011,0.0006,,
8/9/2011,0.0031,,
8/10/2011,0.0083,,
8/11/2011,-0.007,,
8/12/2011,-0.0026,,
8/15/2011,-0.0033,,
8/16/2011,0.002,,
8/17/2011,0.0028,,
8/18/2011,0.0094,,
8/19/2011,0.0028,,
8/22/2011,-0.0009,,
8/23/2011,-0.0045,,
8/24/2011,-0.0065,,
8/25/2011,-0.002,,
8/26/2011,0.0031,,
8/29/2011,-0.0037,,
8/30/2011,0.0027,,
8/31/2011,-0.0047,-0.0141,
9/1/2011,-0.0002,,
9/2/2011,0.0085,,
9/5/2011,0.0045,,
9/6/2011,-0.0007,,
9/7/2011,-0.0042,,
9/8/2011,0.0004,,
9/9/2011,0.004,,
9/12/2011,-0.0004,,
9/13/2011,-0.0037,,
9/14/2011,-0.0023,,
9/15/2011,-0.0056,,
9/16/2011,0.0013,,
9/19/2011,0.0055,,
9/20/2011,0.0018,,
9/21/2011,0.0008,,
9/22/2011,0.0085,,
9/23/2011,-0.0037,,
9/26/2011,-0.0034,,
9/27/2011,-0.0132,,
9/28/2011,0.0028,,
9/29/2011,-0.0011,,
9/30/2011,0.0081,0.0075,
10/3/2011,0.0088,,
10/4/2011,0.004,,
10/5/2011,-0.0073,,
10/6/2011,-0.0077,,
10/7/2011,-0.0049,,
10/10/2011,-0.0072,,
10/11/2011,-0.0022,,
10/12/2011,-0.006,,
10/13/2011,0.0026,,
10/14/2011,-0.0064,,
10/17/2011,0.0043,,
10/18/2011,0.0043,,
10/19/2011,-0.0027,,
10/20/2011,0.0021,,
10/21/2011,-0.0045,,
10/24/2011,-0.0043,,
10/25/2011,0.002,,
10/26/2011,-0.0001,,
10/27/2011,-0.0104,,
10/28/2011,-0.0021,,
10/31/2011,-0.0004,-0.0375,
11/1/2011,0.0088,,
11/2/2011,0.0002,,
11/3/2011,-0.0013,,
11/4/2011,0.0006,,
11/7/2011,0.0035,,
11/8/2011,-0.0009,,
11/9/2011,0.0029,,
11/10/2011,0.0004,,
11/11/2011,-0.0016,,
11/14/2011,0.0023,,
11/15/2011,0.0033,,
11/16/2011,-0.0007,,
11/17/2011,-0.0045,,
11/18/2011,-0.0011,,
11/21/2011,0.0015,,
11/22/2011,0.0012,,
11/23/2011,0.0027,,
11/24/2011,0.0001,,
11/25/2011,-0.0003,,
11/28/2011,-0.0065,,
11/29/2011,-0.0039,,
11/30/2011,-0.005,0.0015,
12/1/2011,-0.0046,,
12/2/2011,0.0014,,
12/5/2011,-0.0005,,
12/6/2011,0.0001,,
12/7/2011,0.0019,,
12/8/2011,0.0015,,
12/9/2011,0.0008,,
12/12/2011,0.0027,,
12/13/2011,0.0029,,
12/14/2011,0.0033,,
12/15/2011,-0.0008,,
12/16/2011,-0.0002,,
12/19/2011,0.0002,,
12/20/2011,-0.0053,,
12/21/2011,-0.0024,,
12/22/2011,-0.0003,,
12/23/2011,-0.0012,,
12/26/2011,-0.0001,,
12/27/2011,-0.0003,,
12/28/2011,0.003,,
12/29/2011,0.004,,
12/30/2011,0.0007,0.0067,-0.0445
1/2/2012,-0.0006,,
1/3/2012,-0.004,,
1/4/2012,0.0027,,
1/5/2012,0.0049,,
1/6/2012,0.0022,,
1/9/2012,-0.0015,,
1/10/2012,-0.0026,,
1/11/2012,0.0056,,
1/12/2012,-0.0028,,
1/13/2012,0.0045,,
1/16/2012,0.0028,,
1/17/2012,-0.0025,,
1/18/2012,-0.0024,,
1/19/2012,-0.0053,,
1/20/2012,-0.004,,
1/23/2012,-0.002,,
1/24/2012,-0.0046,,
1/25/2012,0.0011,,
1/26/2012,0.0096,,
1/27/2012,0.0013,,
1/30/2012,0.0006,,
1/31/2012,0.004,0.007,
2/1/2012,0.0032,,
2/2/2012,0.0006,,
2/3/2012,0.0001,,
2/6/2012,-0.0001,,
2/7/2012,-0.0031,,
2/8/2012,-0.0003,,
2/9/2012,-0.0012,,
2/10/2012,-0.0031,,
2/13/2012,0.0024,,
2/14/2012,0.0012,,
2/15/2012,0.0043,,
2/16/2012,-0.0018,,
2/17/2012,-0.0003,,
2/20/2012,0.0015,,
2/21/2012,-0.0001,,
2/22/2012,0.0012,,
2/23/2012,0.0034,,
2/24/2012,0.0006,,
2/27/2012,0.0025,,
2/28/2012,0.0013,,
2/29/2012,-0.003,0.0094,
3/1/2012,0.0033,,
3/2/2012,0.0004,,
3/5/2012,-0.0075,,
3/6/2012,-0.0071,,
3/7/2012,0.0031,,
3/8/2012,0.0047,,
3/9/2012,0.0049,,
3/12/2012,-0.0022,,
3/13/2012,0.0035,,
3/14/2012,-0.0071,,
3/15/2012,-0.0022,,
3/16/2012,-0.0003,,
3/19/2012,0.0005,,
3/20/2012,-0.0072,,
3/21/2012,-0.0005,,
3/22/2012,-0.0051,,
3/23/2012,0.0017,,
3/26/2012,0.0038,,
3/27/2012,0.0001,,
3/28/2012,-0.0043,,
3/29/2012,-0.003,,
3/30/2012,0.0004,-0.0202,
4/2/2012,0.0044,,
4/3/2012,-0.0027,,
4/4/2012,-0.0064,,
4/5/2012,0.0045,,
4/6/2012,-0.0003,,
4/9/2012,-0.0027,,
4/10/2012,-0.001,,
4/11/2012,-0.0038,,
4/12/2012,0.0018,,
4/13/2012,0.0055,,
4/16/2012,-0.005,,
4/17/2012,0.0007,,
4/18/2012,0.001,,
4/19/2012,-0.0009,,
4/20/2012,-0.0023,,
4/23/2012,0.0023,,
4/24/2012,-0.0025,,
4/25/2012,0.0037,,
4/26/2012,0.0048,,
4/27/2012,0.0001,,
4/30/2012,-0.0003,0.0008,
5/1/2012,0.0004,,
5/2/2012,0.003,,
5/3/2012,-0.0035,,
5/4/2012,-0.0014,,
5/7/2012,-0.0014,,
5/8/2012,0.0013,,
5/9/2012,0,,
5/10/2012,-0.0006,,
5/11/2012,0.0012,,
5/14/2012,0.0042,,
5/15/2012,0.0014,,
5/16/2012,-0.0014,,
5/17/2012,-0.0026,,
5/18/2012,-0.0022,,
5/21/2012,-0.0004,,
5/22/2012,-0.0006,,
5/23/2012,0.0144,,
5/24/2012,-0.0011,,
5/25/2012,0.0002,,
5/28/2012,0,,
5/29/2012,0.0005,,
5/30/2012,0.0141,,
5/31/2012,0.0046,0.0303,
6/1/2012,0.0056,,
6/4/2012,-0.0036,,
6/5/2012,-0.0021,,
6/6/2012,-0.0115,,
6/7/2012,-0.0065,,
6/8/2012,0.0076,,
6/11/2012,-0.0021,,
6/12/2012,-0.0029,,
6/13/2012,-0.0049,,
6/14/2012,0.0003,,
6/15/2012,0.0012,,
6/18/2012,0.0006,,
6/19/2012,-0.0078,,
6/20/2012,-0.0019,,
6/21/2012,0.0066,,
6/22/2012,-0.0004,,
6/25/2012,0.0041,,
6/26/2012,-0.0013,,
6/27/2012,-0.0011,,
6/28/2012,0.004,,
6/29/2012,-0.0172,-0.0329,
7/2/2012,0.0063,,
7/3/2012,-0.0035,,
7/4/2012,0.0024,,
7/5/2012,0.01,,
7/6/2012,0.0053,,
7/9/2012,-0.0001,,
7/10/2012,0.0035,,
7/11/2012,0.0003,,
7/12/2012,0.006,,
7/13/2012,-0.0031,,
7/16/2012,0.0023,,
7/17/2012,-0.001,,
7/18/2012,0.0043,,
7/19/2012,-0.0023,,
7/20/2012,0.0064,,
7/23/2012,-0.0002,,
7/24/2012,-0.0013,,
7/25/2012,-0.0004,,
7/26/2012,-0.0063,,
7/27/2012,-0.0057,,
7/30/2012,0.0063,,
7/31/2012,0.0002,0.0295,
8/1/2012,-0.0028,,
8/2/2012,0.0038,,
8/3/2012,-0.0043,,
8/6/2012,0.0002,,
8/7/2012,-0.0059,,
8/8/2012,0.0019,,
8/9/2012,0.0025,,
8/10/2012,0.0029,,
8/13/2012,-0.0053,,
8/14/2012,-0.003,,
8/15/2012,-0.0007,,
8/16/2012,-0.0015,,
8/17/2012,0.0013,,
8/20/2012,0.0003,,
8/21/2012,-0.0017,,
8/22/2012,-0.0002,,
8/23/2012,0.0001,,
8/24/2012,0.0009,,
8/27/2012,-0.0001,,
8/28/2012,-0.0017,,
8/29/2012,-0.0022,,
8/30/2012,-0.0005,,
8/31/2012,0.0041,-0.0118,
9/3/2012,-0.0002,,
9/4/2012,-0.0023,,
9/5/2012,-0.0032,,
9/6/2012,0.0027,,
9/7/2012,0.0023,,
9/10/2012,-0.0042,,
9/11/2012,0.0021,,
9/12/2012,-0.0032,,
9/13/2012,0.0073,,
9/14/2012,-0.0022,,
9/17/2012,-0.0076,,
9/18/2012,-0.0007,,
9/19/2012,0.0006,,
9/20/2012,0.0007,,
9/21/2012,0.0025,,
9/24/2012,-0.0031,,
9/25/2012,-0.0011,,
9/26/2012,-0.0044,,
9/27/2012,0.0069,,
9/28/2012,-0.0009,-0.0081,
10/1/2012,0.0002,,
10/2/2012,-0.002,,
10/3/2012,-0.0017,,
10/4/2012,0.003,,
10/5/2012,-0.0026,,
10/8/2012,-0.0019,,
10/9/2012,-0.002,,
10/10/2012,-0.0028,,
10/11/2012,0.004,,
10/12/2012,-0.0031,,
10/15/2012,-0.0003,,
10/16/2012,-0.0027,,
10/17/2012,-0.0025,,
10/18/2012,-0.0031,,
10/19/2012,-0.0078,,
10/22/2012,-0.0029,,
10/23/2012,-0.0049,,
10/24/2012,0.0001,,
10/25/2012,-0.001,,
10/26/2012,0.0011,,
10/29/2012,0.0007,,
10/30/2012,-0.0004,,
10/31/2012,0.0018,-0.0301,
11/1/2012,0.0035,,
11/2/2012,-0.0007,,
11/5/2012,0.0028,,
11/6/2012,0.0017,,
11/7/2012,0.0002,,
11/8/2012,-0.002,,
11/9/2012,-0.0001,,
11/12/2012,-0.002,,
11/13/2012,-0.0004,,
11/14/2012,-0.0032,,
11/15/2012,-0.002,,
11/16/2012,0.0007,,
11/19/2012,-0.0024,,
11/20/2012,-0.0029,,
11/21/2012,-0.0002,,
11/22/2012,0.0007,,
11/23/2012,-0.0001,,
11/26/2012,-0.0002,,
11/27/2012,-0.0006,,
11/28/2012,0.0042,,
11/29/2012,0.0019,,
11/30/2012,-0.0002,-0.0013,
12/3/2012,-0.0047,,
12/4/2012,0.0003,,
12/5/2012,0.0053,,
12/6/2012,0.0061,,
12/7/2012,0.0003,,
12/10/2012,0.0023,,
12/11/2012,0.0013,,
12/12/2012,0.002,,
12/13/2012,-0.0058,,
12/14/2012,-0.0008,,
12/17/2012,-0.0024,,
12/18/2012,0.0006,,
12/19/2012,-0.0006,,
12/20/2012,-0.0008,,
12/21/2012,-0.0069,,
12/24/2012,-0.0006,,
12/25/2012,0.0002,,
12/26/2012,0.0003,,
12/27/2012,0.0036,,
12/28/2012,-0.0015,,
12/31/2012,0.0023,0.0006,-0.0287
1/1/2013,0,,
1/2/2013,0.0085,,
1/3/2013,-0.001,,
1/4/2013,-0.0028,,
1/7/2013,-0.0015,,
1/8/2013,-0.0011,,
1/9/2013,0.0042,,
1/10/2013,0.0022,,
1/11/2013,-0.0046,,
1/14/2013,0.0005,,
1/15/2013,-0.003,,
1/16/2013,-0.0011,,
1/17/2013,0.0038,,
1/18/2013,0.0009,,
1/21/2013,-0.0003,,
1/22/2013,0.0027,,
1/23/2013,-0.0007,,
1/24/2013,0.0042,,
1/25/2013,0.0004,,
1/28/2013,-0.0011,,
1/29/2013,0.0045,,
1/30/2013,-0.0004,,
1/31/2013,0.0003,0.0145,
2/1/2013,0.0073,,
2/4/2013,-0.0074,,
2/5/2013,0.0024,,
2/6/2013,-0.0005,,
2/7/2013,-0.0038,,
2/8/2013,0.0029,,
2/11/2013,-0.0001,,
2/12/2013,0.0037,,
2/13/2013,0.0029,,
2/14/2013,0.0011,,
2/15/2013,-0.002,,
2/18/2013,0.0004,,
2/19/2013,0.0047,,
2/20/2013,-0.0028,,
2/21/2013,-0.0097,,
2/22/2013,0.0037,,
2/25/2013,0.0005,,
2/26/2013,-0.0096,,
2/27/2013,0.003,,
2/28/2013,0.0047,0.0011,
3/1/2013,0.0044,,
3/4/2013,-0.0022,,
3/5/2013,0.0042,,
3/6/2013,0.0036,,
3/7/2013,-0.0043,,
3/8/2013,0.006,,
3/11/2013,0.0014,,
3/12/2013,-0.0009,,
3/13/2013,-0.0002,,
3/14/2013,-0.0006,,
3/15/2013,0.0004,,
3/18/2013,0.0008,,
3/19/2013,-0.0005,,
3/20/2013,-0.0003,,
3/21/2013,-0.0028,,
3/22/2013,-0.0024,,
3/25/2013,0.0023,,
3/26/2013,0.0031,,
3/27/2013,0.0029,,
3/28/2013,-0.0017,,
3/29/2013,-0.0005,0.0128,
4/1/2013,-0.0024,,
4/2/2013,0.0058,,
4/3/2013,-0.0032,,
4/4/2013,0.0014,,
4/5/2013,-0.0049,,
4/8/2013,0.0033,,
4/9/2013,-0.0031,,
4/10/2013,0.0057,,
4/11/2013,0.0023,,
4/12/2013,0.0055,,
4/15/2013,-0.0011,,
4/16/2013,-0.003,,
4/17/2013,0.0025,,
4/18/2013,-0.0012,,
4/19/2013,0.0015,,
4/22/2013,0.001,,
4/23/2013,0.0049,,
4/24/2013,0.0003,,
4/25/2013,-0.0065,,
4/26/2013,0.0029,,
4/29/2013,0.0031,,
4/30/2013,-0.0003,0.0145,
5/1/2013,0.0036,,
5/2/2013,0.0012,,
5/3/2013,-0.0068,,
5/6/2013,-0.0024,,
5/7/2013,-0.0003,,
5/8/2013,0.0034,,
5/9/2013,0.0001,,
5/10/2013,-0.0035,,
5/13/2013,-0.0015,,
5/14/2013,0.0054,,
5/15/2013,0.0059,,
5/16/2013,0.0003,,
5/17/2013,0.0079,,
5/20/2013,-0.0039,,
5/21/2013,0.0005,,
5/22/2013,0.0042,,
5/23/2013,-0.0132,,
5/24/2013,-0.0029,,
5/27/2013,-0.0001,,
5/28/2013,0.006,,
5/29/2013,-0.0132,,
5/30/2013,-0.0061,,
5/31/2013,-0.0015,-0.0172,
6/3/2013,-0.0123,,
6/4/2013,0.0014,,
6/5/2013,-0.0077,,
6/6/2013,-0.0079,,
6/7/2013,0.006,,
6/10/2013,0.0035,,
6/11/2013,-0.0034,,
6/12/2013,-0.0043,,
6/13/2013,-0.0014,,
6/14/2013,-0.0027,,
6/17/2013,0.0026,,
6/18/2013,0.004,,
6/19/2013,-0.0036,,
6/20/2013,0.0059,,
6/21/2013,-0.0029,,
6/24/2013,-0.0003,,
6/25/2013,-0.0003,,
6/26/2013,0.0043,,
6/27/2013,0.0022,,
6/28/2013,0.0019,-0.015,
7/1/2013,-0.004,,
7/2/2013,0.0018,,
7/3/2013,0.0009,,
7/4/2013,-0.0007,,
7/5/2013,0.0137,,
7/8/2013,-0.004,,
7/9/2013,0.0014,,
7/10/2013,-0.0027,,
7/11/2013,-0.0093,,
7/12/2013,0.0029,,
7/15/2013,0.0017,,
7/16/2013,-0.006,,
7/17/2013,0.0019,,
7/18/2013,0.0022,,
7/19/2013,-0.0022,,
7/22/2013,-0.0054,,
7/23/2013,-0.0015,,
7/24/2013,0.0033,,
7/25/2013,-0.0039,,
7/26/2013,-0.002,,
7/29/2013,-0.0014,,
7/30/2013,0.0034,,
7/31/2013,0.0002,-0.0098,
8/1/2013,0.0106,,
8/2/2013,-0.0028,,
8/5/2013,0.0005,,
8/6/2013,-0.0043,,
8/7/2013,-0.0043,,
8/8/2013,-0.0048,,
8/9/2013,-0.001,,
8/12/2013,-0.0023,,
8/13/2013,0.0065,,
8/14/2013,-0.0021,,
8/15/2013,-0.0051,,
8/16/2013,0.0008,,
8/19/2013,-0.0025,,
8/20/2013,-0.0022,,
8/21/2013,-0.0016,,
8/22/2013,0.0057,,
8/23/2013,0.003,,
8/26/2013,-0.0047,,
8/27/2013,-0.0045,,
8/28/2013,0.002,,
8/29/2013,-0.0004,,
8/30/2013,-0.004,-0.0175,
9/2/2013,0.0016,,
9/3/2013,0.0033,,
9/4/2013,-0.0014,,
9/5/2013,0.0074,,
9/6/2013,-0.0046,,
9/9/2013,-0.0019,,
9/10/2013,0.0029,,
9/11/2013,-0.0016,,
9/12/2013,0.0011,,
9/13/2013,0.0012,,
9/16/2013,-0.0023,,
9/17/2013,0.0002,,
9/18/2013,0.0042,,
9/19/2013,-0.0026,,
9/20/2013,-0.0018,,
9/23/2013,-0.0049,,
9/24/2013,-0.0011,,
9/25/2013,-0.0032,,
9/26/2013,0.0002,,
9/27/2013,-0.0017,,
9/30/2013,-0.0047,-0.0097,
10/1/2013,0.0048,,
10/2/2013,-0.0008,,
10/3/2013,-0.0016,,
10/4/2013,0.0006,,
10/7/2013,-0.005,,
10/8/2013,-0.0046,,
10/9/2013,-0.0039,,
10/10/2013,0.0088,,
10/11/2013,0.0037,,
10/14/2013,-0.0002,,
10/15/2013,-0.0001,,
10/16/2013,0.0027,,
10/17/2013,0.0039,,
10/18/2013,0.0027,,
10/21/2013,0.0003,,
10/22/2013,0.0058,,
10/23/2013,-0.0055,,
10/24/2013,0.0015,,
10/25/2013,-0.0015,,
10/28/2013,0.0015,,
10/29/2013,0.0007,,
10/30/2013,0.0005,,
10/31/2013,-0.002,0.0121,
11/1/2013,-0.0036,,
11/4/2013,0.004,,
11/5/2013,-0.0035,,
11/6/2013,0.0035,,
11/7/2013,-0.003,,
11/8/2013,-0.0013,,
11/11/2013,0.0004,,
11/12/2013,-0.0002,,
11/13/2013,0.0013,,
11/14/2013,0.004,,
11/15/2013,0.0005,,
11/18/2013,0.0047,,
11/19/2013,-0.0032,,
11/20/2013,-0.0009,,
11/21/2013,0.0037,,
11/22/2013,0.0025,,
11/25/2013,0.0032,,
11/26/2013,-0.0004,,
11/27/2013,0.0049,,
11/28/2013,0.0011,,
11/29/2013,-0.0011,0.0169,
12/2/2013,0.0021,,
12/3/2013,-0.0058,,
12/4/2013,-0.0064,,
12/5/2013,-0.0049,,
12/6/2013,0.0065,,
12/9/2013,0.0012,,
12/10/2013,-0.0066,,
12/11/2013,-0.0054,,
12/12/2013,0.0016,,
12/13/2013,-0.0027,,
12/16/2013,0.0032,,
12/17/2013,0.0003,,
12/18/2013,0.0067,,
12/19/2013,0.0049,,
12/20/2013,0.0006,,
12/23/2013,0.0025,,
12/24/2013,0.0021,,
12/25/2013,0.0002,,
12/26/2013,0.0015,,
12/27/2013,0.0043,,
12/30/2013,0.0003,,
12/31/2013,-0.0002,0.0057,0.0073
1/1/2014,0.0001,,
1/2/2014,-0.0125,,
1/3/2014,-0.0046,,
1/6/2014,-0.0025,,
1/7/2014,0.0056,,
1/8/2014,0.0042,,
1/9/2014,-0.0022,,
1/10/2014,-0.0033,,
1/13/2014,-0.0034,,
1/14/2014,0.0056,,
1/15/2014,0.0079,,
1/16/2014,-0.002,,
1/17/2014,0.001,,
1/20/2014,-0.0007,,
1/21/2014,0.0008,,
1/22/2014,0.0009,,
1/23/2014,-0.0032,,
1/24/2014,-0.0123,,
1/27/2014,-0.0056,,
1/28/2014,0.0046,,
1/29/2014,0.0004,,
1/30/2014,0.0001,,
1/31/2014,-0.0021,-0.0234,
2/3/2014,-0.0106,,
2/4/2014,-0.0023,,
2/5/2014,-0.0026,,
2/6/2014,0.001,,
2/7/2014,0.0079,,
2/10/2014,-0.0018,,
2/11/2014,0.0009,,
2/12/2014,-0.0041,,
2/13/2014,0.0079,,
2/14/2014,-0.0006,,
2/17/2014,0.0006,,
2/18/2014,0.0038,,
2/19/2014,-0.0007,,
2/20/2014,-0.004,,
2/21/2014,0.0045,,
2/24/2014,0.0001,,
2/25/2014,0.0007,,
2/26/2014,0.002,,
2/27/2014,0.004,,
2/28/2014,-0.0007,0.0057,
3/3/2014,-0.0071,,
3/4/2014,0.0059,,
3/5/2014,-0.0023,,
3/6/2014,0.0023,,
3/7/2014,-0.0015,,
3/10/2014,-0.004,,
3/11/2014,-0.001,,
3/12/2014,-0.004,,
3/13/2014,-0.0014,,
3/14/2014,-0.0015,,
3/17/2014,0.0025,,
3/18/2014,0.0063,,
3/19/2014,-0.0066,,
3/20/2014,-0.0042,,
3/21/2014,-0.0019,,
3/24/2014,-0.0019,,
3/25/2014,0.0032,,
3/26/2014,0.0044,,
3/27/2014,0.0048,,
3/28/2014,0.0016,,
3/31/2014,0.0034,-0.0032,
4/1/2014,0.0029,,
4/2/2014,-0.0055,,
4/3/2014,0.0012,,
4/4/2014,0.0039,,
4/7/2014,-0.004,,
4/8/2014,0.0008,,
4/9/2014,0.0065,,
4/10/2014,0.0003,,
4/11/2014,-0.0061,,
4/14/2014,0.0004,,
4/15/2014,-0.0003,,
4/16/2014,0.0033,,
4/17/2014,-0.0007,,
4/18/2014,-0.0002,,
4/21/2014,0,,
4/22/2014,0.0014,,
4/23/2014,-0.0036,,
4/24/2014,0.0003,,
4/25/2014,-0.0041,,
4/28/2014,-0.0009,,
4/29/2014,0.0068,,
4/30/2014,0.002,0.0041,
5/1/2014,-0.001,,
5/2/2014,-0.0004,,
5/5/2014,-0.0029,,
5/6/2014,0.0021,,
5/7/2014,0.0007,,
5/8/2014,0.0057,,
5/9/2014,-0.0061,,
5/12/2014,0.0009,,
5/13/2014,0.0055,,
5/14/2014,0.0047,,
5/15/2014,-0.0037,,
5/16/2014,0.0011,,
5/19/2014,0.0015,,
5/20/2014,-0.0036,,
5/21/2014,0.0039,,
5/22/2014,0.0012,,
5/23/2014,0.0038,,
5/26/2014,0.0022,,
5/27/2014,0.0024,,
5/28/2014,0.0053,,
5/29/2014,0.0026,,
5/30/2014,-0.0029,0.0231,
6/2/2014,-0.0045,,
6/3/2014,-0.0069,,
6/4/2014,-0.0022,,
6/5/2014,0.0078,,
6/6/2014,0.0072,,
6/9/2014,0.003,,
6/10/2014,-0.0024,,
6/11/2014,-0.003,,
6/12/2014,0.0058,,
6/13/2014,-0.0027,,
6/16/2014,-0.0015,,
6/17/2014,-0.004,,
6/18/2014,0.0043,,
6/19/2014,0.0061,,
6/20/2014,-0.0036,,
6/23/2014,-0.0021,,
6/24/2014,0.0004,,
6/25/2014,0.0026,,
6/26/2014,0.0019,,
6/27/2014,-0.0008,,
6/30/2014,-0.0004,0.0048,
7/1/2014,0.0051,,
7/2/2014,-0.0028,,
7/3/2014,0.0037,,
7/4/2014,0,,
7/7/2014,-0.0036,,
7/8/2014,-0.0018,,
7/9/2014,0.0017,,
7/10/2014,-0.0021,,
7/11/2014,0.0006,,
7/14/2014,-0.0001,,
7/15/2014,-0.0029,,
7/16/2014,0.0039,,
7/17/2014,-0.0016,,
7/18/2014,0.001,,
7/21/2014,0.0015,,
7/22/2014,0.0071,,
7/23/2014,0.0037,,
7/24/2014,-0.0038,,
7/25/2014,-0.0011,,
7/28/2014,-0.0011,,
7/29/2014,0.0017,,
7/30/2014,-0.0065,,
7/31/2014,-0.0113,-0.0089,
8/1/2014,-0.0014,-0.0014,0.0004
,,,
,,,
,,,
,,,
,,,
,,,
,,,
,,,
,,,
,,,
,,,
,,,
,,,
,,,
,,,
,,,
,,,
,,,
,,,
,,,
,,,
,,,
,,,
,,,
,,,
,,,
,,,
,,,
,,,
,,,
,,,
,,,
,,,
,,,
,,,
,,,
,,,
,,,
,,,
,,,
,,,
,,,
,,,
,,,
,,,
,,,
,,,
,,,
,,,
,,,
,,,
,,,
,,,
,,,
,,,
,,,
,,,
,,,
,,-1,-1
